x-axis,1,2
second,Volt,Volt
-2.936000E+00,+2.919598E+00,+2.761307E+00
-2.933500E+00,+2.881910E+00,+2.839196E+00
-2.931000E+00,+2.881910E+00,+2.721106E+00
-2.928500E+00,+2.919598E+00,+2.879397E+00
-2.926000E+00,+2.881910E+00,+2.718593E+00
-2.923500E+00,+2.919598E+00,+2.841709E+00
-2.921000E+00,+2.919598E+00,+2.758794E+00
-2.918500E+00,+2.919598E+00,+2.801508E+00
-2.916000E+00,+2.919598E+00,+2.798995E+00
-2.913500E+00,+2.881910E+00,+2.721106E+00
-2.911000E+00,+2.879397E+00,+2.879397E+00
-2.908500E+00,+2.919598E+00,+2.721106E+00
-2.906000E+00,+2.919598E+00,+2.919598E+00
-2.903500E+00,+2.919598E+00,+2.680905E+00
-2.901000E+00,+2.919598E+00,+2.841709E+00
-2.898500E+00,+2.919598E+00,+2.718593E+00
-2.896000E+00,+2.919598E+00,+2.801508E+00
-2.893500E+00,+2.879397E+00,+2.839196E+00
-2.891000E+00,+2.919598E+00,+2.761307E+00
-2.888500E+00,+2.879397E+00,+2.879397E+00
-2.886000E+00,+2.919598E+00,+2.721106E+00
-2.883500E+00,+2.919598E+00,+2.879397E+00
-2.881000E+00,+2.919598E+00,+2.718593E+00
-2.878500E+00,+2.919598E+00,+2.841709E+00
-2.876000E+00,+2.919598E+00,+2.798995E+00
-2.873500E+00,+2.919598E+00,+2.801508E+00
-2.871000E+00,+2.919598E+00,+2.839196E+00
-2.868500E+00,+2.879397E+00,+2.721106E+00
-2.866000E+00,+2.881910E+00,+2.879397E+00
-2.863500E+00,+2.879397E+00,+2.718593E+00
-2.861000E+00,+2.919598E+00,+2.841709E+00
-2.858500E+00,+2.879397E+00,+2.718593E+00
-2.856000E+00,+2.919598E+00,+2.839196E+00
-2.853500E+00,+2.881910E+00,+2.798995E+00
-2.851000E+00,+2.919598E+00,+2.721106E+00
-2.848500E+00,+2.919598E+00,+2.839196E+00
-2.846000E+00,+2.919598E+00,+2.721106E+00
-2.843500E+00,+2.919598E+00,+2.879397E+00
-2.841000E+00,+2.919598E+00,+2.721106E+00
-2.838500E+00,+2.919598E+00,+2.839196E+00
-2.836000E+00,+2.881910E+00,+2.758794E+00
-2.833500E+00,+2.919598E+00,+2.801508E+00
-2.831000E+00,+2.881910E+00,+2.839196E+00
-2.828500E+00,+2.919598E+00,+2.761307E+00
-2.826000E+00,+2.919598E+00,+2.919598E+00
-2.823500E+00,+2.919598E+00,+2.721106E+00
-2.821000E+00,+2.919598E+00,+2.879397E+00
-2.818500E+00,+2.881910E+00,+2.758794E+00
-2.816000E+00,+2.959799E+00,+2.801508E+00
-2.813500E+00,+2.919598E+00,+2.798995E+00
-2.811000E+00,+2.919598E+00,+2.801508E+00
-2.808500E+00,+2.919598E+00,+2.839196E+00
-2.806000E+00,+2.881910E+00,+2.721106E+00
-2.803500E+00,+2.919598E+00,+2.879397E+00
-2.801000E+00,+2.919598E+00,+2.721106E+00
-2.798500E+00,+2.881910E+00,+2.879397E+00
-2.796000E+00,+2.919598E+00,+2.718593E+00
-2.793500E+00,+2.919598E+00,+2.841709E+00
-2.791000E+00,+2.919598E+00,+2.798995E+00
-2.788500E+00,+2.919598E+00,+2.801508E+00
-2.786000E+00,+2.919598E+00,+2.879397E+00
-2.783500E+00,+2.919598E+00,+2.761307E+00
-2.781000E+00,+2.919598E+00,+2.879397E+00
-2.778500E+00,+2.881910E+00,+2.721106E+00
-2.776000E+00,+2.879397E+00,+2.881910E+00
-2.773500E+00,+2.881910E+00,+2.798995E+00
-2.771000E+00,+2.919598E+00,+2.841709E+00
-2.768500E+00,+2.919598E+00,+2.839196E+00
-2.766000E+00,+2.919598E+00,+2.798995E+00
-2.763500E+00,+2.879397E+00,+2.839196E+00
-2.761000E+00,+2.919598E+00,+2.721106E+00
-2.758500E+00,+2.919598E+00,+2.879397E+00
-2.756000E+00,+2.919598E+00,+2.680905E+00
-2.753500E+00,+2.919598E+00,+2.841709E+00
-2.751000E+00,+2.879397E+00,+2.798995E+00
-2.748500E+00,+2.919598E+00,+2.801508E+00
-2.746000E+00,+2.881910E+00,+2.839196E+00
-2.743500E+00,+2.881910E+00,+2.761307E+00
-2.741000E+00,+2.881910E+00,+2.919598E+00
-2.738500E+00,+2.919598E+00,+2.758794E+00
-2.736000E+00,+2.919598E+00,+2.881910E+00
-2.733500E+00,+2.919598E+00,+2.758794E+00
-2.731000E+00,+2.881910E+00,+2.879397E+00
-2.728500E+00,+2.919598E+00,+2.798995E+00
-2.726000E+00,+2.881910E+00,+2.801508E+00
-2.723500E+00,+2.919598E+00,+2.879397E+00
-2.721000E+00,+2.881910E+00,+2.761307E+00
-2.718500E+00,+2.919598E+00,+2.919598E+00
-2.716000E+00,+2.919598E+00,+2.721106E+00
-2.713500E+00,+2.919598E+00,+2.879397E+00
-2.711000E+00,+2.881910E+00,+2.758794E+00
-2.708500E+00,+2.919598E+00,+2.839196E+00
-2.706000E+00,+2.919598E+00,+2.798995E+00
-2.703500E+00,+2.919598E+00,+2.839196E+00
-2.701000E+00,+2.919598E+00,+2.879397E+00
-2.698500E+00,+2.919598E+00,+2.761307E+00
-2.696000E+00,+2.919598E+00,+2.879397E+00
-2.693500E+00,+2.919598E+00,+2.721106E+00
-2.691000E+00,+2.881910E+00,+2.879397E+00
-2.688500E+00,+2.919598E+00,+2.758794E+00
-2.686000E+00,+2.919598E+00,+2.839196E+00
-2.683500E+00,+2.919598E+00,+2.798995E+00
-2.681000E+00,+2.919598E+00,+2.761307E+00
-2.678500E+00,+2.919598E+00,+2.879397E+00
-2.676000E+00,+2.881910E+00,+2.758794E+00
-2.673500E+00,+2.919598E+00,+2.881910E+00
-2.671000E+00,+2.879397E+00,+2.718593E+00
-2.668500E+00,+2.919598E+00,+2.881910E+00
-2.666000E+00,+2.919598E+00,+2.758794E+00
-2.663500E+00,+2.919598E+00,+2.801508E+00
-2.661000E+00,+2.879397E+00,+2.839196E+00
-2.658500E+00,+2.879397E+00,+2.761307E+00
-2.656000E+00,+2.919598E+00,+2.919598E+00
-2.653500E+00,+2.919598E+00,+2.721106E+00
-2.651000E+00,+2.919598E+00,+2.879397E+00
-2.648500E+00,+2.881910E+00,+2.718593E+00
-2.646000E+00,+2.919598E+00,+2.879397E+00
-2.643500E+00,+2.919598E+00,+2.798995E+00
-2.641000E+00,+2.919598E+00,+2.801508E+00
-2.638500E+00,+2.919598E+00,+2.879397E+00
-2.636000E+00,+2.919598E+00,+2.798995E+00
-2.633500E+00,+2.919598E+00,+2.919598E+00
-2.631000E+00,+2.881910E+00,+2.718593E+00
-2.628500E+00,+2.881910E+00,+2.879397E+00
-2.626000E+00,+2.881910E+00,+2.798995E+00
-2.623500E+00,+2.881910E+00,+2.841709E+00
-2.621000E+00,+2.881910E+00,+2.758794E+00
-2.618500E+00,+2.919598E+00,+2.801508E+00
-2.616000E+00,+2.881910E+00,+2.839196E+00
-2.613500E+00,+2.919598E+00,+2.721106E+00
-2.611000E+00,+2.919598E+00,+2.919598E+00
-2.608500E+00,+2.919598E+00,+2.718593E+00
-2.606000E+00,+2.881910E+00,+2.841709E+00
-2.603500E+00,+2.919598E+00,+2.758794E+00
-2.601000E+00,+2.881910E+00,+2.879397E+00
-2.598500E+00,+2.919598E+00,+2.798995E+00
-2.596000E+00,+2.881910E+00,+2.801508E+00
-2.593500E+00,+2.919598E+00,+2.919598E+00
-2.591000E+00,+2.879397E+00,+2.761307E+00
-2.588500E+00,+2.919598E+00,+2.879397E+00
-2.586000E+00,+2.919598E+00,+2.721106E+00
-2.583500E+00,+2.919598E+00,+2.841709E+00
-2.581000E+00,+2.881910E+00,+2.758794E+00
-2.578500E+00,+2.879397E+00,+2.801508E+00
-2.576000E+00,+2.919598E+00,+2.839196E+00
-2.573500E+00,+2.919598E+00,+2.761307E+00
-2.571000E+00,+2.919598E+00,+2.919598E+00
-2.568500E+00,+2.919598E+00,+2.758794E+00
-2.566000E+00,+2.919598E+00,+2.919598E+00
-2.563500E+00,+2.919598E+00,+2.718593E+00
-2.561000E+00,+2.919598E+00,+2.841709E+00
-2.558500E+00,+2.919598E+00,+2.798995E+00
-2.556000E+00,+2.919598E+00,+2.761307E+00
-2.553500E+00,+2.881910E+00,+2.879397E+00
-2.551000E+00,+2.919598E+00,+2.761307E+00
-2.548500E+00,+2.919598E+00,+2.919598E+00
-2.546000E+00,+2.881910E+00,+2.721106E+00
-2.543500E+00,+2.919598E+00,+2.841709E+00
-2.541000E+00,+2.881910E+00,+2.758794E+00
-2.538500E+00,+2.919598E+00,+2.839196E+00
-2.536000E+00,+2.919598E+00,+2.839196E+00
-2.533500E+00,+2.919598E+00,+2.801508E+00
-2.531000E+00,+2.919598E+00,+2.879397E+00
-2.528500E+00,+2.919598E+00,+2.758794E+00
-2.526000E+00,+2.881910E+00,+2.879397E+00
-2.523500E+00,+2.881910E+00,+2.680905E+00
-2.521000E+00,+2.919598E+00,+2.841709E+00
-2.518500E+00,+2.919598E+00,+2.758794E+00
-2.516000E+00,+2.919598E+00,+2.841709E+00
-2.513500E+00,+2.879397E+00,+2.798995E+00
-2.511000E+00,+2.879397E+00,+2.798995E+00
-2.508500E+00,+2.919598E+00,+2.919598E+00
-2.506000E+00,+2.919598E+00,+2.721106E+00
-2.503500E+00,+2.919598E+00,+2.919598E+00
-2.501000E+00,+2.919598E+00,+2.721106E+00
-2.498500E+00,+2.919598E+00,+2.841709E+00
-2.496000E+00,+2.919598E+00,+2.758794E+00
-2.493500E+00,+2.919598E+00,+2.801508E+00
-2.491000E+00,+2.919598E+00,+2.879397E+00
-2.488500E+00,+2.881910E+00,+2.758794E+00
-2.486000E+00,+2.881910E+00,+2.879397E+00
-2.483500E+00,+2.919598E+00,+2.680905E+00
-2.481000E+00,+2.919598E+00,+2.841709E+00
-2.478500E+00,+2.881910E+00,+2.718593E+00
-2.476000E+00,+2.879397E+00,+2.841709E+00
-2.473500E+00,+2.919598E+00,+2.798995E+00
-2.471000E+00,+2.919598E+00,+2.801508E+00
-2.468500E+00,+2.919598E+00,+2.839196E+00
-2.466000E+00,+2.879397E+00,+2.758794E+00
-2.463500E+00,+2.919598E+00,+2.919598E+00
-2.461000E+00,+2.881910E+00,+2.721106E+00
-2.458500E+00,+2.919598E+00,+2.879397E+00
-2.456000E+00,+2.919598E+00,+2.758794E+00
-2.453500E+00,+2.881910E+00,+2.839196E+00
-2.451000E+00,+2.879397E+00,+2.839196E+00
-2.448500E+00,+2.919598E+00,+2.798995E+00
-2.446000E+00,+2.919598E+00,+2.839196E+00
-2.443500E+00,+2.919598E+00,+2.758794E+00
-2.441000E+00,+2.922111E+00,+2.919598E+00
-2.438500E+00,+2.919598E+00,+2.718593E+00
-2.436000E+00,+2.881910E+00,+2.881910E+00
-2.433500E+00,+2.881910E+00,+2.798995E+00
-2.431000E+00,+2.881910E+00,+2.801508E+00
-2.428500E+00,+2.881910E+00,+2.839196E+00
-2.426000E+00,+2.919598E+00,+2.801508E+00
-2.423500E+00,+2.919598E+00,+2.919598E+00
-2.421000E+00,+2.881910E+00,+2.721106E+00
-2.418500E+00,+2.919598E+00,+2.879397E+00
-2.416000E+00,+2.919598E+00,+2.718593E+00
-2.413500E+00,+2.919598E+00,+2.879397E+00
-2.411000E+00,+2.881910E+00,+2.798995E+00
-2.408500E+00,+2.919598E+00,+2.839196E+00
-2.406000E+00,+2.919598E+00,+2.839196E+00
-2.403500E+00,+2.919598E+00,+2.761307E+00
-2.401000E+00,+2.919598E+00,+2.919598E+00
-2.398500E+00,+2.919598E+00,+2.721106E+00
-2.396000E+00,+2.919598E+00,+2.881910E+00
-2.393500E+00,+2.919598E+00,+2.758794E+00
-2.391000E+00,+2.919598E+00,+2.801508E+00
-2.388500E+00,+2.881910E+00,+2.758794E+00
-2.386000E+00,+2.919598E+00,+2.801508E+00
-2.383500E+00,+2.879397E+00,+2.839196E+00
-2.381000E+00,+2.919598E+00,+2.721106E+00
-2.378500E+00,+2.881910E+00,+2.919598E+00
-2.376000E+00,+2.881910E+00,+2.718593E+00
-2.373500E+00,+2.881910E+00,+2.881910E+00
-2.371000E+00,+2.881910E+00,+2.758794E+00
-2.368500E+00,+2.919598E+00,+2.839196E+00
-2.366000E+00,+2.919598E+00,+2.798995E+00
-2.363500E+00,+2.881910E+00,+2.761307E+00
-2.361000E+00,+2.919598E+00,+2.839196E+00
-2.358500E+00,+2.919598E+00,+2.721106E+00
-2.356000E+00,+2.919598E+00,+2.881910E+00
-2.353500E+00,+2.919598E+00,+2.721106E+00
-2.351000E+00,+2.881910E+00,+2.881910E+00
-2.348500E+00,+2.881910E+00,+2.758794E+00
-2.346000E+00,+2.919598E+00,+2.839196E+00
-2.343500E+00,+2.919598E+00,+2.839196E+00
-2.341000E+00,+2.919598E+00,+2.761307E+00
-2.338500E+00,+2.881910E+00,+2.879397E+00
-2.336000E+00,+2.919598E+00,+2.758794E+00
-2.333500E+00,+2.919598E+00,+2.881910E+00
-2.331000E+00,+2.919598E+00,+2.718593E+00
-2.328500E+00,+2.919598E+00,+2.841709E+00
-2.326000E+00,+2.919598E+00,+2.798995E+00
-2.323500E+00,+2.919598E+00,+2.801508E+00
-2.321000E+00,+2.881910E+00,+2.879397E+00
-2.318500E+00,+2.919598E+00,+2.761307E+00
-2.316000E+00,+2.881910E+00,+2.879397E+00
-2.313500E+00,+2.919598E+00,+2.721106E+00
-2.311000E+00,+2.881910E+00,+2.841709E+00
-2.308500E+00,+2.919598E+00,+2.718593E+00
-2.306000E+00,+2.919598E+00,+2.841709E+00
-2.303500E+00,+2.919598E+00,+2.798995E+00
-2.301000E+00,+2.879397E+00,+2.801508E+00
-2.298500E+00,+2.919598E+00,+2.879397E+00
-2.296000E+00,+2.881910E+00,+2.758794E+00
-2.293500E+00,+2.879397E+00,+2.919598E+00
-2.291000E+00,+2.881910E+00,+2.721106E+00
-2.288500E+00,+2.881910E+00,+2.881910E+00
-2.286000E+00,+2.881910E+00,+2.758794E+00
-2.283500E+00,+2.919598E+00,+2.801508E+00
-2.281000E+00,+2.919598E+00,+2.839196E+00
-2.278500E+00,+2.919598E+00,+2.801508E+00
-2.276000E+00,+2.919598E+00,+2.879397E+00
-2.273500E+00,+2.879397E+00,+2.721106E+00
-2.271000E+00,+2.879397E+00,+2.879397E+00
-2.268500E+00,+2.919598E+00,+2.718593E+00
-2.266000E+00,+2.919598E+00,+2.879397E+00
-2.263500E+00,+2.881910E+00,+2.798995E+00
-2.261000E+00,+2.919598E+00,+2.841709E+00
-2.258500E+00,+2.919598E+00,+2.879397E+00
-2.256000E+00,+2.919598E+00,+2.801508E+00
-2.253500E+00,+2.919598E+00,+2.919598E+00
-2.251000E+00,+2.881910E+00,+2.721106E+00
-2.248500E+00,+2.919598E+00,+2.881910E+00
-2.246000E+00,+2.879397E+00,+2.758794E+00
-2.243500E+00,+2.879397E+00,+2.841709E+00
-2.241000E+00,+2.919598E+00,+2.839196E+00
-2.238500E+00,+2.919598E+00,+2.839196E+00
-2.236000E+00,+2.919598E+00,+2.879397E+00
-2.233500E+00,+2.881910E+00,+2.761307E+00
-2.231000E+00,+2.881910E+00,+2.919598E+00
-2.228500E+00,+2.881910E+00,+2.721106E+00
-2.226000E+00,+2.881910E+00,+2.841709E+00
-2.223500E+00,+2.919598E+00,+2.798995E+00
-2.221000E+00,+2.919598E+00,+2.841709E+00
-2.218500E+00,+2.919598E+00,+2.798995E+00
-2.216000E+00,+2.919598E+00,+2.801508E+00
-2.213500E+00,+2.881910E+00,+2.879397E+00
-2.211000E+00,+2.919598E+00,+2.721106E+00
-2.208500E+00,+2.919598E+00,+2.919598E+00
-2.206000E+00,+2.919598E+00,+2.721106E+00
-2.203500E+00,+2.919598E+00,+2.919598E+00
-2.201000E+00,+2.919598E+00,+2.758794E+00
-2.198500E+00,+2.919598E+00,+2.841709E+00
-2.196000E+00,+2.919598E+00,+2.839196E+00
-2.193500E+00,+2.919598E+00,+2.801508E+00
-2.191000E+00,+2.919598E+00,+2.879397E+00
-2.188500E+00,+2.879397E+00,+2.721106E+00
-2.186000E+00,+2.919598E+00,+2.881910E+00
-2.183500E+00,+2.919598E+00,+2.718593E+00
-2.181000E+00,+2.919598E+00,+2.841709E+00
-2.178500E+00,+2.879397E+00,+2.758794E+00
-2.176000E+00,+2.919598E+00,+2.761307E+00
-2.173500E+00,+2.881910E+00,+2.839196E+00
-2.171000E+00,+2.919598E+00,+2.758794E+00
-2.168500E+00,+2.919598E+00,+2.919598E+00
-2.166000E+00,+2.919598E+00,+2.721106E+00
-2.163500E+00,+2.919598E+00,+2.881910E+00
-2.161000E+00,+2.919598E+00,+2.758794E+00
-2.158500E+00,+2.919598E+00,+2.841709E+00
-2.156000E+00,+2.881910E+00,+2.839196E+00
-2.153500E+00,+2.919598E+00,+2.801508E+00
-2.151000E+00,+2.919598E+00,+2.839196E+00
-2.148500E+00,+2.881910E+00,+2.801508E+00
-2.146000E+00,+2.919598E+00,+2.959799E+00
-2.143500E+00,+2.919598E+00,+2.721106E+00
-2.141000E+00,+2.919598E+00,+2.919598E+00
-2.138500E+00,+2.881910E+00,+2.798995E+00
-2.136000E+00,+2.919598E+00,+2.841709E+00
-2.133500E+00,+2.881910E+00,+2.839196E+00
-2.131000E+00,+2.919598E+00,+2.801508E+00
-2.128500E+00,+2.919598E+00,+2.879397E+00
-2.126000E+00,+2.919598E+00,+2.761307E+00
-2.123500E+00,+2.919598E+00,+2.879397E+00
-2.121000E+00,+2.919598E+00,+2.678392E+00
-2.118500E+00,+2.881910E+00,+2.841709E+00
-2.116000E+00,+2.919598E+00,+2.758794E+00
-2.113500E+00,+2.881910E+00,+2.841709E+00
-2.111000E+00,+2.881910E+00,+2.839196E+00
-2.108500E+00,+2.919598E+00,+2.798995E+00
-2.106000E+00,+2.919598E+00,+2.879397E+00
-2.103500E+00,+2.919598E+00,+2.721106E+00
-2.101000E+00,+2.919598E+00,+2.879397E+00
-2.098500E+00,+2.881910E+00,+2.718593E+00
-2.096000E+00,+2.919598E+00,+2.841709E+00
-2.093500E+00,+2.919598E+00,+2.758794E+00
-2.091000E+00,+2.881910E+00,+2.801508E+00
-2.088500E+00,+2.919598E+00,+2.839196E+00
-2.086000E+00,+2.919598E+00,+2.761307E+00
-2.083500E+00,+2.919598E+00,+2.919598E+00
-2.081000E+00,+2.919598E+00,+2.721106E+00
-2.078500E+00,+2.919598E+00,+2.881910E+00
-2.076000E+00,+2.881910E+00,+2.758794E+00
-2.073500E+00,+2.879397E+00,+2.879397E+00
-2.071000E+00,+2.919598E+00,+2.798995E+00
-2.068500E+00,+2.919598E+00,+2.798995E+00
-2.066000E+00,+2.879397E+00,+2.839196E+00
-2.063500E+00,+2.919598E+00,+2.721106E+00
-2.061000E+00,+2.919598E+00,+2.919598E+00
-2.058500E+00,+2.919598E+00,+2.721106E+00
-2.056000E+00,+2.919598E+00,+2.881910E+00
-2.053500E+00,+2.881910E+00,+2.758794E+00
-2.051000E+00,+2.919598E+00,+2.841709E+00
-2.048500E+00,+2.879397E+00,+2.839196E+00
-2.046000E+00,+1.914573E+00,+2.801508E+00
-2.043500E+00,+1.914573E+00,+2.879397E+00
-2.041000E+00,+1.914573E+00,+2.758794E+00
-2.038500E+00,+1.914573E+00,+2.879397E+00
-2.036000E+00,+1.914573E+00,+2.597990E+00
-2.033500E+00,+1.914573E+00,+2.678392E+00
-2.031000E+00,+1.914573E+00,+2.356784E+00
-2.028500E+00,+1.914573E+00,+2.316583E+00
-2.026000E+00,+1.914573E+00,+1.994975E+00
-2.023500E+00,+1.954774E+00,+1.876884E+00
-2.021000E+00,+1.914573E+00,+1.753769E+00
-2.018500E+00,+1.914573E+00,+1.633166E+00
-2.016000E+00,+1.914573E+00,+1.673367E+00
-2.013500E+00,+1.876884E+00,+1.515075E+00
-2.011000E+00,+1.914573E+00,+1.753769E+00
-2.008500E+00,+1.914573E+00,+1.633166E+00
-2.006000E+00,+1.914573E+00,+1.796482E+00
-2.003500E+00,+1.914573E+00,+1.874372E+00
-2.001000E+00,+1.917085E+00,+1.917085E+00
-1.998500E+00,+1.914573E+00,+2.075377E+00
-1.996000E+00,+1.914573E+00,+1.954774E+00
-1.993500E+00,+1.914573E+00,+2.115578E+00
-1.991000E+00,+1.914573E+00,+1.914573E+00
-1.988500E+00,+1.876884E+00,+1.994975E+00
-1.986000E+00,+1.917085E+00,+1.834171E+00
-1.983500E+00,+1.914573E+00,+1.876884E+00
-1.981000E+00,+1.914573E+00,+1.834171E+00
-1.978500E+00,+1.914573E+00,+1.796482E+00
-1.976000E+00,+1.914573E+00,+1.836683E+00
-1.973500E+00,+1.914573E+00,+1.756281E+00
-1.971000E+00,+1.914573E+00,+1.954774E+00
-1.968500E+00,+1.914573E+00,+1.834171E+00
-1.966000E+00,+1.914573E+00,+1.994975E+00
-1.963500E+00,+1.914573E+00,+1.914573E+00
-1.961000E+00,+1.914573E+00,+1.917085E+00
-1.958500E+00,+1.914573E+00,+1.914573E+00
-1.956000E+00,+1.914573E+00,+1.796482E+00
-1.953500E+00,+1.914573E+00,+1.914573E+00
-1.951000E+00,+1.914573E+00,+1.753769E+00
-1.948500E+00,+1.914573E+00,+1.954774E+00
-1.946000E+00,+1.876884E+00,+1.793970E+00
-1.943500E+00,+1.914573E+00,+1.917085E+00
-1.941000E+00,+1.914573E+00,+1.874372E+00
-1.938500E+00,+1.914573E+00,+1.957286E+00
-1.936000E+00,+1.914573E+00,+1.994975E+00
-1.933500E+00,+1.914573E+00,+1.876884E+00
-1.931000E+00,+1.914573E+00,+2.035176E+00
-1.928500E+00,+1.914573E+00,+1.874372E+00
-1.926000E+00,+1.914573E+00,+2.035176E+00
-1.923500E+00,+1.914573E+00,+1.914573E+00
-1.921000E+00,+1.914573E+00,+1.917085E+00
-1.918500E+00,+1.914573E+00,+1.914573E+00
-1.916000E+00,+1.914573E+00,+1.876884E+00
-1.913500E+00,+1.914573E+00,+1.954774E+00
-1.911000E+00,+1.914573E+00,+1.874372E+00
-1.908500E+00,+1.914573E+00,+2.035176E+00
-1.906000E+00,+1.914573E+00,+1.874372E+00
-1.903500E+00,+1.914573E+00,+2.035176E+00
-1.901000E+00,+1.914573E+00,+1.914573E+00
-1.898500E+00,+1.914573E+00,+1.957286E+00
-1.896000E+00,+1.914573E+00,+1.954774E+00
-1.893500E+00,+1.914573E+00,+1.876884E+00
-1.891000E+00,+1.914573E+00,+1.994975E+00
-1.888500E+00,+1.917085E+00,+1.836683E+00
-1.886000E+00,+1.914573E+00,+1.994975E+00
-1.883500E+00,+1.914573E+00,+1.874372E+00
-1.881000E+00,+1.914573E+00,+1.957286E+00
-1.878500E+00,+1.914573E+00,+1.914573E+00
-1.876000E+00,+1.914573E+00,+1.917085E+00
-1.873500E+00,+1.914573E+00,+1.914573E+00
-1.871000E+00,+1.914573E+00,+1.836683E+00
-1.868500E+00,+1.914573E+00,+1.994975E+00
-1.866000E+00,+1.914573E+00,+1.796482E+00
-1.863500E+00,+1.914573E+00,+1.954774E+00
-1.861000E+00,+1.914573E+00,+1.834171E+00
-1.858500E+00,+1.914573E+00,+1.957286E+00
-1.856000E+00,+1.914573E+00,+1.914573E+00
-1.853500E+00,+1.914573E+00,+1.914573E+00
-1.851000E+00,+1.914573E+00,+1.954774E+00
-1.848500E+00,+1.914573E+00,+1.836683E+00
-1.846000E+00,+1.914573E+00,+1.994975E+00
-1.843500E+00,+1.914573E+00,+1.793970E+00
-1.841000E+00,+1.914573E+00,+1.994975E+00
-1.838500E+00,+1.914573E+00,+1.874372E+00
-1.836000E+00,+1.914573E+00,+1.957286E+00
-1.833500E+00,+1.914573E+00,+1.914573E+00
-1.831000E+00,+1.917085E+00,+1.876884E+00
-1.828500E+00,+1.914573E+00,+1.954774E+00
-1.826000E+00,+1.914573E+00,+1.836683E+00
-1.823500E+00,+1.917085E+00,+2.035176E+00
-1.821000E+00,+1.914573E+00,+1.874372E+00
-1.818500E+00,+1.914573E+00,+1.957286E+00
-1.816000E+00,+1.914573E+00,+1.874372E+00
-1.813500E+00,+1.914573E+00,+1.917085E+00
-1.811000E+00,+1.914573E+00,+1.914573E+00
-1.808500E+00,+1.914573E+00,+1.836683E+00
-1.806000E+00,+1.914573E+00,+1.954774E+00
-1.803500E+00,+1.914573E+00,+1.793970E+00
-1.801000E+00,+1.914573E+00,+1.994975E+00
-1.798500E+00,+1.914573E+00,+1.834171E+00
-1.796000E+00,+1.914573E+00,+1.957286E+00
-1.793500E+00,+1.914573E+00,+1.914573E+00
-1.791000E+00,+1.914573E+00,+1.876884E+00
-1.788500E+00,+1.914573E+00,+1.954774E+00
-1.786000E+00,+1.914573E+00,+1.876884E+00
-1.783500E+00,+1.914573E+00,+1.954774E+00
-1.781000E+00,+1.914573E+00,+1.834171E+00
-1.778500E+00,+1.914573E+00,+1.994975E+00
-1.776000E+00,+1.914573E+00,+1.874372E+00
-1.773500E+00,+1.914573E+00,+1.917085E+00
-1.771000E+00,+1.914573E+00,+1.874372E+00
-1.768500E+00,+1.914573E+00,+1.914573E+00
-1.766000E+00,+1.914573E+00,+1.914573E+00
-1.763500E+00,+1.914573E+00,+1.834171E+00
-1.761000E+00,+1.914573E+00,+1.957286E+00
-1.758500E+00,+1.914573E+00,+1.834171E+00
-1.756000E+00,+1.914573E+00,+1.994975E+00
-1.753500E+00,+1.914573E+00,+1.874372E+00
-1.751000E+00,+1.914573E+00,+1.954774E+00
-1.748500E+00,+1.914573E+00,+1.954774E+00
-1.746000E+00,+1.914573E+00,+1.917085E+00
-1.743500E+00,+1.914573E+00,+1.994975E+00
-1.741000E+00,+1.917085E+00,+1.836683E+00
-1.738500E+00,+1.914573E+00,+1.994975E+00
-1.736000E+00,+1.914573E+00,+1.874372E+00
-1.733500E+00,+1.914573E+00,+1.994975E+00
-1.731000E+00,+1.914573E+00,+1.834171E+00
-1.728500E+00,+1.914573E+00,+1.917085E+00
-1.726000E+00,+1.914573E+00,+1.914573E+00
-1.723500E+00,+1.914573E+00,+1.874372E+00
-1.721000E+00,+1.914573E+00,+1.954774E+00
-1.718500E+00,+1.914573E+00,+1.796482E+00
-1.716000E+00,+1.914573E+00,+2.035176E+00
-1.713500E+00,+1.914573E+00,+1.834171E+00
-1.711000E+00,+1.914573E+00,+1.917085E+00
-1.708500E+00,+1.914573E+00,+1.874372E+00
-1.706000E+00,+1.914573E+00,+1.917085E+00
-1.703500E+00,+1.914573E+00,+1.954774E+00
-1.701000E+00,+1.914573E+00,+1.836683E+00
-1.698500E+00,+1.914573E+00,+1.954774E+00
-1.696000E+00,+1.914573E+00,+1.834171E+00
-1.693500E+00,+1.914573E+00,+1.994975E+00
-1.691000E+00,+1.914573E+00,+1.874372E+00
-1.688500E+00,+1.914573E+00,+1.957286E+00
-1.686000E+00,+1.914573E+00,+1.874372E+00
-1.683500E+00,+1.914573E+00,+1.876884E+00
-1.681000E+00,+1.914573E+00,+1.954774E+00
-1.678500E+00,+1.914573E+00,+1.836683E+00
-1.676000E+00,+1.917085E+00,+1.954774E+00
-1.673500E+00,+1.914573E+00,+1.836683E+00
-1.671000E+00,+1.914573E+00,+2.035176E+00
-1.668500E+00,+1.914573E+00,+1.874372E+00
-1.666000E+00,+1.914573E+00,+1.917085E+00
-1.663500E+00,+1.914573E+00,+1.914573E+00
-1.661000E+00,+1.914573E+00,+1.876884E+00
-1.658500E+00,+1.914573E+00,+1.994975E+00
-1.656000E+00,+1.914573E+00,+1.796482E+00
-1.653500E+00,+1.914573E+00,+1.994975E+00
-1.651000E+00,+1.954774E+00,+1.874372E+00
-1.648500E+00,+1.914573E+00,+1.957286E+00
-1.646000E+00,+1.914573E+00,+1.914573E+00
-1.643500E+00,+1.914573E+00,+1.876884E+00
-1.641000E+00,+1.914573E+00,+1.914573E+00
-1.638500E+00,+1.914573E+00,+1.836683E+00
-1.636000E+00,+1.914573E+00,+1.914573E+00
-1.633500E+00,+1.914573E+00,+1.793970E+00
-1.631000E+00,+1.914573E+00,+1.994975E+00
-1.628500E+00,+1.914573E+00,+1.834171E+00
-1.626000E+00,+1.914573E+00,+1.917085E+00
-1.623500E+00,+1.914573E+00,+1.874372E+00
-1.621000E+00,+1.876884E+00,+1.876884E+00
-1.618500E+00,+1.914573E+00,+1.914573E+00
-1.616000E+00,+1.914573E+00,+1.834171E+00
-1.613500E+00,+1.914573E+00,+1.954774E+00
-1.611000E+00,+1.914573E+00,+1.834171E+00
-1.608500E+00,+1.914573E+00,+1.994975E+00
-1.606000E+00,+1.914573E+00,+1.874372E+00
-1.603500E+00,+1.914573E+00,+1.957286E+00
-1.601000E+00,+1.914573E+00,+1.914573E+00
-1.598500E+00,+1.914573E+00,+1.876884E+00
-1.596000E+00,+1.914573E+00,+1.954774E+00
-1.593500E+00,+1.876884E+00,+1.836683E+00
-1.591000E+00,+1.914573E+00,+1.954774E+00
-1.588500E+00,+1.914573E+00,+1.834171E+00
-1.586000E+00,+1.914573E+00,+1.994975E+00
-1.583500E+00,+1.914573E+00,+1.874372E+00
-1.581000E+00,+1.914573E+00,+1.917085E+00
-1.578500E+00,+1.914573E+00,+1.914573E+00
-1.576000E+00,+1.914573E+00,+1.874372E+00
-1.573500E+00,+1.914573E+00,+1.954774E+00
-1.571000E+00,+1.876884E+00,+1.834171E+00
-1.568500E+00,+1.914573E+00,+1.994975E+00
-1.566000E+00,+1.917085E+00,+1.874372E+00
-1.563500E+00,+1.914573E+00,+1.917085E+00
-1.561000E+00,+1.954774E+00,+1.834171E+00
-1.558500E+00,+1.914573E+00,+1.917085E+00
-1.556000E+00,+1.914573E+00,+1.914573E+00
-1.553500E+00,+1.914573E+00,+1.836683E+00
-1.551000E+00,+1.914573E+00,+1.954774E+00
-1.548500E+00,+1.914573E+00,+1.834171E+00
-1.546000E+00,+1.914573E+00,+2.035176E+00
-1.543500E+00,+1.914573E+00,+1.874372E+00
-1.541000E+00,+1.914573E+00,+1.997487E+00
-1.538500E+00,+1.914573E+00,+1.914573E+00
-1.536000E+00,+1.876884E+00,+1.876884E+00
-1.533500E+00,+1.914573E+00,+1.914573E+00
-1.531000E+00,+1.914573E+00,+1.796482E+00
-1.528500E+00,+1.914573E+00,+1.994975E+00
-1.526000E+00,+1.914573E+00,+1.834171E+00
-1.523500E+00,+1.914573E+00,+2.035176E+00
-1.521000E+00,+1.914573E+00,+1.874372E+00
-1.518500E+00,+1.914573E+00,+1.917085E+00
-1.516000E+00,+1.914573E+00,+1.914573E+00
-1.513500E+00,+1.914573E+00,+1.876884E+00
-1.511000E+00,+1.954774E+00,+1.954774E+00
-1.508500E+00,+1.914573E+00,+1.834171E+00
-1.506000E+00,+1.914573E+00,+1.994975E+00
-1.503500E+00,+1.914573E+00,+1.834171E+00
-1.501000E+00,+1.914573E+00,+1.994975E+00
-1.498500E+00,+1.914573E+00,+1.834171E+00
-1.496000E+00,+1.914573E+00,+1.917085E+00
-1.493500E+00,+1.914573E+00,+1.914573E+00
-1.491000E+00,+1.914573E+00,+1.876884E+00
-1.488500E+00,+1.914573E+00,+1.954774E+00
-1.486000E+00,+1.914573E+00,+1.834171E+00
-1.483500E+00,+1.914573E+00,+1.994975E+00
-1.481000E+00,+1.914573E+00,+1.874372E+00
-1.478500E+00,+1.914573E+00,+1.957286E+00
-1.476000E+00,+1.914573E+00,+1.874372E+00
-1.473500E+00,+1.914573E+00,+1.876884E+00
-1.471000E+00,+1.914573E+00,+1.914573E+00
-1.468500E+00,+1.914573E+00,+1.836683E+00
-1.466000E+00,+1.914573E+00,+1.994975E+00
-1.463500E+00,+1.914573E+00,+1.796482E+00
-1.461000E+00,+1.914573E+00,+2.035176E+00
-1.458500E+00,+1.914573E+00,+1.874372E+00
-1.456000E+00,+1.914573E+00,+1.994975E+00
-1.453500E+00,+1.914573E+00,+1.876884E+00
-1.451000E+00,+1.914573E+00,+1.917085E+00
-1.448500E+00,+1.914573E+00,+1.954774E+00
-1.446000E+00,+1.914573E+00,+1.836683E+00
-1.443500E+00,+1.914573E+00,+1.954774E+00
-1.441000E+00,+1.914573E+00,+1.834171E+00
-1.438500E+00,+1.914573E+00,+1.954774E+00
-1.436000E+00,+1.914573E+00,+1.914573E+00
-1.433500E+00,+1.914573E+00,+1.957286E+00
-1.431000E+00,+1.914573E+00,+1.954774E+00
-1.428500E+00,+1.914573E+00,+1.914573E+00
-1.426000E+00,+1.914573E+00,+1.954774E+00
-1.423500E+00,+1.914573E+00,+1.796482E+00
-1.421000E+00,+1.914573E+00,+1.954774E+00
-1.418500E+00,+1.914573E+00,+1.793970E+00
-1.416000E+00,+1.914573E+00,+1.994975E+00
-1.413500E+00,+1.917085E+00,+1.874372E+00
-1.411000E+00,+1.914573E+00,+1.957286E+00
-1.408500E+00,+1.914573E+00,+1.914573E+00
-1.406000E+00,+1.914573E+00,+1.876884E+00
-1.403500E+00,+1.914573E+00,+1.954774E+00
-1.401000E+00,+1.954774E+00,+1.834171E+00
-1.398500E+00,+1.914573E+00,+1.994975E+00
-1.396000E+00,+1.914573E+00,+1.834171E+00
-1.393500E+00,+1.914573E+00,+1.994975E+00
-1.391000E+00,+1.914573E+00,+1.914573E+00
-1.388500E+00,+1.914573E+00,+1.917085E+00
-1.386000E+00,+1.914573E+00,+1.914573E+00
-1.383500E+00,+1.914573E+00,+1.836683E+00
-1.381000E+00,+1.914573E+00,+1.954774E+00
-1.378500E+00,+1.914573E+00,+1.796482E+00
-1.376000E+00,+1.914573E+00,+1.997487E+00
-1.373500E+00,+1.914573E+00,+1.874372E+00
-1.371000E+00,+1.914573E+00,+1.917085E+00
-1.368500E+00,+1.914573E+00,+1.914573E+00
-1.366000E+00,+1.914573E+00,+1.876884E+00
-1.363500E+00,+1.914573E+00,+1.914573E+00
-1.361000E+00,+1.914573E+00,+1.796482E+00
-1.358500E+00,+1.914573E+00,+1.994975E+00
-1.356000E+00,+1.914573E+00,+1.834171E+00
-1.353500E+00,+1.914573E+00,+1.994975E+00
-1.351000E+00,+1.914573E+00,+1.874372E+00
-1.348500E+00,+1.914573E+00,+1.957286E+00
-1.346000E+00,+1.914573E+00,+1.954774E+00
-1.343500E+00,+1.914573E+00,+1.876884E+00
-1.341000E+00,+1.914573E+00,+1.954774E+00
-1.338500E+00,+1.917085E+00,+1.836683E+00
-1.336000E+00,+1.914573E+00,+2.035176E+00
-1.333500E+00,+1.914573E+00,+1.834171E+00
-1.331000E+00,+1.914573E+00,+1.997487E+00
-1.328500E+00,+1.914573E+00,+1.836683E+00
-1.326000E+00,+1.914573E+00,+1.954774E+00
-1.323500E+00,+1.914573E+00,+1.914573E+00
-1.321000E+00,+1.914573E+00,+1.836683E+00
-1.318500E+00,+1.914573E+00,+1.954774E+00
-1.316000E+00,+1.914573E+00,+1.834171E+00
-1.313500E+00,+1.914573E+00,+1.994975E+00
-1.311000E+00,+1.914573E+00,+1.874372E+00
-1.308500E+00,+1.914573E+00,+1.957286E+00
-1.306000E+00,+1.914573E+00,+1.914573E+00
-1.303500E+00,+1.914573E+00,+1.917085E+00
-1.301000E+00,+1.914573E+00,+1.914573E+00
-1.298500E+00,+1.954774E+00,+1.836683E+00
-1.296000E+00,+1.914573E+00,+1.994975E+00
-1.293500E+00,+1.914573E+00,+1.834171E+00
-1.291000E+00,+1.914573E+00,+1.957286E+00
-1.288500E+00,+1.914573E+00,+1.834171E+00
-1.286000E+00,+1.914573E+00,+1.957286E+00
-1.283500E+00,+1.914573E+00,+1.914573E+00
-1.281000E+00,+1.914573E+00,+1.876884E+00
-1.278500E+00,+1.914573E+00,+1.954774E+00
-1.276000E+00,+1.914573E+00,+1.836683E+00
-1.273500E+00,+1.914573E+00,+1.994975E+00
-1.271000E+00,+1.914573E+00,+1.834171E+00
-1.268500E+00,+1.914573E+00,+1.997487E+00
-1.266000E+00,+1.914573E+00,+1.834171E+00
-1.263500E+00,+1.914573E+00,+1.917085E+00
-1.261000E+00,+1.914573E+00,+1.874372E+00
-1.258500E+00,+1.914573E+00,+1.874372E+00
-1.256000E+00,+1.914573E+00,+1.914573E+00
-1.253500E+00,+1.917085E+00,+1.796482E+00
-1.251000E+00,+1.914573E+00,+1.954774E+00
-1.248500E+00,+1.914573E+00,+1.874372E+00
-1.246000E+00,+1.914573E+00,+1.957286E+00
-1.243500E+00,+1.914573E+00,+1.874372E+00
-1.241000E+00,+1.954774E+00,+1.917085E+00
-1.238500E+00,+1.914573E+00,+1.874372E+00
-1.236000E+00,+1.914573E+00,+1.836683E+00
-1.233500E+00,+1.914573E+00,+1.954774E+00
-1.231000E+00,+1.914573E+00,+1.834171E+00
-1.228500E+00,+1.914573E+00,+1.994975E+00
-1.226000E+00,+1.914573E+00,+1.834171E+00
-1.223500E+00,+1.914573E+00,+1.957286E+00
-1.221000E+00,+1.914573E+00,+1.874372E+00
-1.218500E+00,+1.914573E+00,+1.876884E+00
-1.216000E+00,+1.914573E+00,+1.954774E+00
-1.213500E+00,+1.914573E+00,+1.836683E+00
-1.211000E+00,+1.917085E+00,+1.954774E+00
-1.208500E+00,+1.914573E+00,+1.834171E+00
-1.206000E+00,+1.914573E+00,+1.954774E+00
-1.203500E+00,+1.914573E+00,+1.874372E+00
-1.201000E+00,+1.914573E+00,+1.917085E+00
-1.198500E+00,+1.914573E+00,+1.914573E+00
-1.196000E+00,+1.914573E+00,+1.836683E+00
-1.193500E+00,+1.914573E+00,+1.914573E+00
-1.191000E+00,+1.954774E+00,+1.836683E+00
-1.188500E+00,+1.917085E+00,+1.994975E+00
-1.186000E+00,+1.914573E+00,+1.834171E+00
-1.183500E+00,+1.914573E+00,+1.994975E+00
-1.181000E+00,+1.914573E+00,+1.874372E+00
-1.178500E+00,+1.914573E+00,+1.876884E+00
-1.176000E+00,+1.914573E+00,+1.914573E+00
-1.173500E+00,+1.914573E+00,+1.876884E+00
-1.171000E+00,+1.914573E+00,+1.914573E+00
-1.168500E+00,+1.917085E+00,+1.796482E+00
-1.166000E+00,+1.876884E+00,+1.994975E+00
-1.163500E+00,+1.914573E+00,+1.834171E+00
-1.161000E+00,+1.914573E+00,+1.957286E+00
-1.158500E+00,+1.914573E+00,+1.834171E+00
-1.156000E+00,+1.914573E+00,+1.876884E+00
-1.153500E+00,+1.914573E+00,+1.914573E+00
-1.151000E+00,+1.914573E+00,+1.796482E+00
-1.148500E+00,+1.914573E+00,+1.954774E+00
-1.146000E+00,+1.914573E+00,+1.793970E+00
-1.143500E+00,+1.914573E+00,+1.994975E+00
-1.141000E+00,+1.914573E+00,+1.874372E+00
-1.138500E+00,+1.914573E+00,+1.917085E+00
-1.136000E+00,+1.914573E+00,+1.914573E+00
-1.133500E+00,+1.914573E+00,+1.836683E+00
-1.131000E+00,+1.914573E+00,+1.914573E+00
-1.128500E+00,+1.914573E+00,+1.834171E+00
-1.126000E+00,+1.914573E+00,+1.954774E+00
-1.123500E+00,+1.914573E+00,+1.834171E+00
-1.121000E+00,+1.914573E+00,+1.994975E+00
-1.118500E+00,+1.914573E+00,+1.834171E+00
-1.116000E+00,+1.914573E+00,+1.876884E+00
-1.113500E+00,+1.914573E+00,+1.914573E+00
-1.111000E+00,+1.914573E+00,+1.836683E+00
-1.108500E+00,+1.914573E+00,+1.954774E+00
-1.106000E+00,+1.914573E+00,+1.834171E+00
-1.103500E+00,+1.914573E+00,+1.994975E+00
-1.101000E+00,+1.914573E+00,+1.834171E+00
-1.098500E+00,+1.914573E+00,+1.917085E+00
-1.096000E+00,+1.876884E+00,+1.874372E+00
-1.093500E+00,+1.914573E+00,+1.876884E+00
-1.091000E+00,+1.914573E+00,+1.914573E+00
-1.088500E+00,+1.914573E+00,+1.836683E+00
-1.086000E+00,+1.876884E+00,+1.954774E+00
-1.083500E+00,+1.914573E+00,+1.796482E+00
-1.081000E+00,+1.914573E+00,+1.957286E+00
-1.078500E+00,+1.914573E+00,+1.834171E+00
-1.076000E+00,+1.914573E+00,+1.917085E+00
-1.073500E+00,+1.914573E+00,+1.914573E+00
-1.071000E+00,+1.914573E+00,+1.917085E+00
-1.068500E+00,+1.914573E+00,+1.994975E+00
-1.066000E+00,+1.914573E+00,+1.876884E+00
-1.063500E+00,+1.914573E+00,+1.994975E+00
-1.061000E+00,+1.914573E+00,+1.834171E+00
-1.058500E+00,+1.914573E+00,+1.994975E+00
-1.056000E+00,+1.914573E+00,+1.874372E+00
-1.053500E+00,+1.914573E+00,+1.957286E+00
-1.051000E+00,+1.914573E+00,+1.874372E+00
-1.048500E+00,+1.914573E+00,+1.876884E+00
-1.046000E+00,+2.919598E+00,+1.917085E+00
-1.043500E+00,+2.919598E+00,+1.874372E+00
-1.041000E+00,+2.919598E+00,+1.994975E+00
-1.038500E+00,+2.919598E+00,+1.834171E+00
-1.036000E+00,+2.919598E+00,+1.997487E+00
-1.033500E+00,+2.919598E+00,+1.954774E+00
-1.031000E+00,+2.919598E+00,+2.077889E+00
-1.028500E+00,+2.919598E+00,+2.195980E+00
-1.026000E+00,+2.919598E+00,+2.236181E+00
-1.023500E+00,+2.879397E+00,+2.477387E+00
-1.021000E+00,+2.919598E+00,+2.359296E+00
-1.018500E+00,+2.881910E+00,+2.640704E+00
-1.016000E+00,+2.919598E+00,+2.678392E+00
-1.013500E+00,+2.881910E+00,+2.801508E+00
-1.011000E+00,+2.919598E+00,+2.919598E+00
-1.008500E+00,+2.879397E+00,+2.922111E+00
-1.006000E+00,+2.919598E+00,+3.077889E+00
-1.003500E+00,+2.919598E+00,+2.801508E+00
-1.001000E+00,+2.881910E+00,+2.919598E+00
-998.500E-03,+2.919598E+00,+2.638191E+00
-996.000E-03,+2.919598E+00,+2.680905E+00
-993.500E-03,+2.919598E+00,+2.557789E+00
-991.000E-03,+2.919598E+00,+2.600503E+00
-988.500E-03,+2.881910E+00,+2.638191E+00
-986.000E-03,+2.919598E+00,+2.597990E+00
-983.500E-03,+2.919598E+00,+2.758794E+00
-981.000E-03,+2.881910E+00,+2.640704E+00
-978.500E-03,+2.919598E+00,+2.841709E+00
-976.000E-03,+2.919598E+00,+2.839196E+00
-973.500E-03,+2.919598E+00,+2.922111E+00
-971.000E-03,+2.919598E+00,+2.919598E+00
-968.500E-03,+2.881910E+00,+2.879397E+00
-966.000E-03,+2.919598E+00,+2.879397E+00
-963.500E-03,+2.919598E+00,+2.758794E+00
-961.000E-03,+2.919598E+00,+2.879397E+00
-958.500E-03,+2.919598E+00,+2.640704E+00
-956.000E-03,+2.919598E+00,+2.801508E+00
-953.500E-03,+2.919598E+00,+2.678392E+00
-951.000E-03,+2.919598E+00,+2.801508E+00
-948.500E-03,+2.919598E+00,+2.879397E+00
-946.000E-03,+2.919598E+00,+2.841709E+00
-943.500E-03,+2.919598E+00,+2.919598E+00
-941.000E-03,+2.919598E+00,+2.839196E+00
-938.500E-03,+2.919598E+00,+2.959799E+00
-936.000E-03,+2.919598E+00,+2.758794E+00
-933.500E-03,+2.881910E+00,+2.881910E+00
-931.000E-03,+2.919598E+00,+2.758794E+00
-928.500E-03,+2.919598E+00,+2.879397E+00
-926.000E-03,+2.919598E+00,+2.879397E+00
-923.500E-03,+2.919598E+00,+2.801508E+00
-921.000E-03,+2.919598E+00,+2.919598E+00
-918.500E-03,+2.919598E+00,+2.839196E+00
-916.000E-03,+2.881910E+00,+2.922111E+00
-913.500E-03,+2.919598E+00,+2.798995E+00
-911.000E-03,+2.919598E+00,+2.879397E+00
-908.500E-03,+2.919598E+00,+2.798995E+00
-906.000E-03,+2.919598E+00,+2.841709E+00
-903.500E-03,+2.879397E+00,+2.879397E+00
-901.000E-03,+2.881910E+00,+2.801508E+00
-898.500E-03,+2.879397E+00,+2.919598E+00
-896.000E-03,+2.881910E+00,+2.721106E+00
-893.500E-03,+2.919598E+00,+2.881910E+00
-891.000E-03,+2.879397E+00,+2.798995E+00
-888.500E-03,+2.919598E+00,+2.881910E+00
-886.000E-03,+2.919598E+00,+2.839196E+00
-883.500E-03,+2.919598E+00,+2.841709E+00
-881.000E-03,+2.919598E+00,+2.839196E+00
-878.500E-03,+2.919598E+00,+2.801508E+00
-876.000E-03,+2.879397E+00,+2.919598E+00
-873.500E-03,+2.919598E+00,+2.721106E+00
-871.000E-03,+2.919598E+00,+2.879397E+00
-868.500E-03,+2.919598E+00,+2.798995E+00
-866.000E-03,+2.881910E+00,+2.841709E+00
-863.500E-03,+2.919598E+00,+2.798995E+00
-861.000E-03,+2.919598E+00,+2.801508E+00
-858.500E-03,+2.919598E+00,+2.919598E+00
-856.000E-03,+2.919598E+00,+2.761307E+00
-853.500E-03,+2.919598E+00,+2.919598E+00
-851.000E-03,+2.881910E+00,+2.758794E+00
-848.500E-03,+2.919598E+00,+2.881910E+00
-846.000E-03,+2.919598E+00,+2.798995E+00
-843.500E-03,+2.919598E+00,+2.879397E+00
-841.000E-03,+2.881910E+00,+2.879397E+00
-838.500E-03,+2.919598E+00,+2.801508E+00
-836.000E-03,+2.919598E+00,+2.919598E+00
-833.500E-03,+2.879397E+00,+2.761307E+00
-831.000E-03,+2.919598E+00,+2.881910E+00
-828.500E-03,+2.919598E+00,+2.758794E+00
-826.000E-03,+2.879397E+00,+2.881910E+00
-823.500E-03,+2.881910E+00,+2.798995E+00
-821.000E-03,+2.879397E+00,+2.839196E+00
-818.500E-03,+2.919598E+00,+2.839196E+00
-816.000E-03,+2.919598E+00,+2.761307E+00
-813.500E-03,+2.919598E+00,+2.919598E+00
-811.000E-03,+2.919598E+00,+2.761307E+00
-808.500E-03,+2.879397E+00,+2.881910E+00
-806.000E-03,+2.919598E+00,+2.758794E+00
-803.500E-03,+2.919598E+00,+2.841709E+00
-801.000E-03,+2.919598E+00,+2.798995E+00
-798.500E-03,+2.919598E+00,+2.801508E+00
-796.000E-03,+2.881910E+00,+2.919598E+00
-793.500E-03,+2.919598E+00,+2.761307E+00
-791.000E-03,+2.919598E+00,+2.959799E+00
-788.500E-03,+2.919598E+00,+2.721106E+00
-786.000E-03,+2.919598E+00,+2.881910E+00
-783.500E-03,+2.879397E+00,+2.839196E+00
-781.000E-03,+2.919598E+00,+2.841709E+00
-778.500E-03,+2.919598E+00,+2.839196E+00
-776.000E-03,+2.919598E+00,+2.801508E+00
-773.500E-03,+2.919598E+00,+2.879397E+00
-771.000E-03,+2.919598E+00,+2.761307E+00
-768.500E-03,+2.919598E+00,+2.879397E+00
-766.000E-03,+2.919598E+00,+2.758794E+00
-763.500E-03,+2.919598E+00,+2.879397E+00
-761.000E-03,+2.919598E+00,+2.798995E+00
-758.500E-03,+2.919598E+00,+2.879397E+00
-756.000E-03,+2.919598E+00,+2.879397E+00
-753.500E-03,+2.919598E+00,+2.839196E+00
-751.000E-03,+2.881910E+00,+2.919598E+00
-748.500E-03,+2.919598E+00,+2.798995E+00
-746.000E-03,+2.919598E+00,+2.919598E+00
-743.500E-03,+2.919598E+00,+2.758794E+00
-741.000E-03,+2.919598E+00,+2.879397E+00
-738.500E-03,+2.919598E+00,+2.798995E+00
-736.000E-03,+2.919598E+00,+2.839196E+00
-733.500E-03,+2.919598E+00,+2.839196E+00
-731.000E-03,+2.919598E+00,+2.761307E+00
-728.500E-03,+2.919598E+00,+2.959799E+00
-726.000E-03,+2.919598E+00,+2.758794E+00
-723.500E-03,+2.919598E+00,+2.881910E+00
-721.000E-03,+2.919598E+00,+2.758794E+00
-718.500E-03,+2.919598E+00,+2.881910E+00
-716.000E-03,+2.919598E+00,+2.839196E+00
-713.500E-03,+2.919598E+00,+2.839196E+00
-711.000E-03,+2.919598E+00,+2.919598E+00
-708.500E-03,+2.879397E+00,+2.761307E+00
-706.000E-03,+2.919598E+00,+2.919598E+00
-703.500E-03,+2.879397E+00,+2.758794E+00
-701.000E-03,+2.879397E+00,+2.881910E+00
-698.500E-03,+2.919598E+00,+2.798995E+00
-696.000E-03,+2.919598E+00,+2.839196E+00
-693.500E-03,+2.919598E+00,+2.839196E+00
-691.000E-03,+2.919598E+00,+2.801508E+00
-688.500E-03,+2.919598E+00,+2.959799E+00
-686.000E-03,+2.919598E+00,+2.761307E+00
-683.500E-03,+2.919598E+00,+2.919598E+00
-681.000E-03,+2.881910E+00,+2.758794E+00
-678.500E-03,+2.919598E+00,+2.881910E+00
-676.000E-03,+2.919598E+00,+2.798995E+00
-673.500E-03,+2.879397E+00,+2.841709E+00
-671.000E-03,+2.881910E+00,+2.839196E+00
-668.500E-03,+2.879397E+00,+2.801508E+00
-666.000E-03,+2.919598E+00,+2.919598E+00
-663.500E-03,+2.881910E+00,+2.761307E+00
-661.000E-03,+2.919598E+00,+2.919598E+00
-658.500E-03,+2.919598E+00,+2.718593E+00
-656.000E-03,+2.919598E+00,+2.841709E+00
-653.500E-03,+2.919598E+00,+2.798995E+00
-651.000E-03,+2.919598E+00,+2.839196E+00
-648.500E-03,+2.881910E+00,+2.879397E+00
-646.000E-03,+2.919598E+00,+2.801508E+00
-643.500E-03,+2.919598E+00,+2.919598E+00
-641.000E-03,+2.919598E+00,+2.721106E+00
-638.500E-03,+2.881910E+00,+2.881910E+00
-636.000E-03,+2.919598E+00,+2.758794E+00
-633.500E-03,+2.919598E+00,+2.841709E+00
-631.000E-03,+2.919598E+00,+2.839196E+00
-628.500E-03,+2.919598E+00,+2.801508E+00
-626.000E-03,+2.919598E+00,+2.879397E+00
-623.500E-03,+2.881910E+00,+2.758794E+00
-621.000E-03,+2.879397E+00,+2.919598E+00
-618.500E-03,+2.881910E+00,+2.721106E+00
-616.000E-03,+2.919598E+00,+2.881910E+00
-613.500E-03,+2.879397E+00,+2.798995E+00
-611.000E-03,+2.919598E+00,+2.841709E+00
-608.500E-03,+2.881910E+00,+2.879397E+00
-606.000E-03,+2.919598E+00,+2.839196E+00
-603.500E-03,+2.879397E+00,+2.919598E+00
-601.000E-03,+2.919598E+00,+2.721106E+00
-598.500E-03,+2.919598E+00,+2.919598E+00
-596.000E-03,+2.919598E+00,+2.678392E+00
-593.500E-03,+2.919598E+00,+2.841709E+00
-591.000E-03,+2.919598E+00,+2.798995E+00
-588.500E-03,+2.919598E+00,+2.801508E+00
-586.000E-03,+2.881910E+00,+2.839196E+00
-583.500E-03,+2.919598E+00,+2.761307E+00
-581.000E-03,+2.881910E+00,+2.919598E+00
-578.500E-03,+2.919598E+00,+2.721106E+00
-576.000E-03,+2.919598E+00,+2.881910E+00
-573.500E-03,+2.919598E+00,+2.758794E+00
-571.000E-03,+2.919598E+00,+2.881910E+00
-568.500E-03,+2.919598E+00,+2.839196E+00
-566.000E-03,+2.919598E+00,+2.839196E+00
-563.500E-03,+2.881910E+00,+2.879397E+00
-561.000E-03,+2.919598E+00,+2.761307E+00
-558.500E-03,+2.919598E+00,+2.919598E+00
-556.000E-03,+2.879397E+00,+2.758794E+00
-553.500E-03,+2.881910E+00,+2.881910E+00
-551.000E-03,+2.919598E+00,+2.758794E+00
-548.500E-03,+2.919598E+00,+2.841709E+00
-546.000E-03,+2.919598E+00,+2.798995E+00
-543.500E-03,+2.919598E+00,+2.801508E+00
-541.000E-03,+2.919598E+00,+2.879397E+00
-538.500E-03,+2.919598E+00,+2.761307E+00
-536.000E-03,+2.919598E+00,+2.879397E+00
-533.500E-03,+2.919598E+00,+2.758794E+00
-531.000E-03,+2.919598E+00,+2.881910E+00
-528.500E-03,+2.919598E+00,+2.758794E+00
-526.000E-03,+2.919598E+00,+2.839196E+00
-523.500E-03,+2.919598E+00,+2.839196E+00
-521.000E-03,+2.881910E+00,+2.761307E+00
-518.500E-03,+2.919598E+00,+2.959799E+00
-516.000E-03,+2.919598E+00,+2.721106E+00
-513.500E-03,+2.881910E+00,+2.922111E+00
-511.000E-03,+2.919598E+00,+2.721106E+00
-508.500E-03,+2.879397E+00,+2.881910E+00
-506.000E-03,+2.879397E+00,+2.839196E+00
-503.500E-03,+2.919598E+00,+2.841709E+00
-501.000E-03,+2.919598E+00,+2.879397E+00
-498.500E-03,+2.919598E+00,+2.798995E+00
-496.000E-03,+2.881910E+00,+2.919598E+00
-493.500E-03,+2.879397E+00,+2.721106E+00
-491.000E-03,+2.919598E+00,+2.881910E+00
-488.500E-03,+2.919598E+00,+2.798995E+00
-486.000E-03,+2.881910E+00,+2.841709E+00
-483.500E-03,+2.881910E+00,+2.798995E+00
-481.000E-03,+2.919598E+00,+2.801508E+00
-478.500E-03,+2.919598E+00,+2.879397E+00
-476.000E-03,+2.881910E+00,+2.761307E+00
-473.500E-03,+2.881910E+00,+2.919598E+00
-471.000E-03,+2.919598E+00,+2.721106E+00
-468.500E-03,+2.881910E+00,+2.881910E+00
-466.000E-03,+2.879397E+00,+2.758794E+00
-463.500E-03,+2.919598E+00,+2.841709E+00
-461.000E-03,+2.879397E+00,+2.839196E+00
-458.500E-03,+2.881910E+00,+2.801508E+00
-456.000E-03,+2.881910E+00,+2.919598E+00
-453.500E-03,+2.879397E+00,+2.761307E+00
-451.000E-03,+2.919598E+00,+2.922111E+00
-448.500E-03,+2.881910E+00,+2.758794E+00
-446.000E-03,+2.919598E+00,+2.881910E+00
-443.500E-03,+2.919598E+00,+2.839196E+00
-441.000E-03,+2.919598E+00,+2.841709E+00
-438.500E-03,+2.919598E+00,+2.839196E+00
-436.000E-03,+2.879397E+00,+2.761307E+00
-433.500E-03,+2.919598E+00,+2.919598E+00
-431.000E-03,+2.879397E+00,+2.758794E+00
-428.500E-03,+2.881910E+00,+2.919598E+00
-426.000E-03,+2.919598E+00,+2.758794E+00
-423.500E-03,+2.919598E+00,+2.881910E+00
-421.000E-03,+2.919598E+00,+2.798995E+00
-418.500E-03,+2.881910E+00,+2.801508E+00
-416.000E-03,+2.919598E+00,+2.879397E+00
-413.500E-03,+2.919598E+00,+2.758794E+00
-411.000E-03,+2.919598E+00,+2.919598E+00
-408.500E-03,+2.919598E+00,+2.721106E+00
-406.000E-03,+2.919598E+00,+2.881910E+00
-403.500E-03,+2.919598E+00,+2.758794E+00
-401.000E-03,+2.919598E+00,+2.841709E+00
-398.500E-03,+2.919598E+00,+2.839196E+00
-396.000E-03,+2.919598E+00,+2.801508E+00
-393.500E-03,+2.919598E+00,+2.879397E+00
-391.000E-03,+2.919598E+00,+2.721106E+00
-388.500E-03,+2.881910E+00,+2.919598E+00
-386.000E-03,+2.919598E+00,+2.758794E+00
-383.500E-03,+2.881910E+00,+2.881910E+00
-381.000E-03,+2.881910E+00,+2.758794E+00
-378.500E-03,+2.919598E+00,+2.839196E+00
-376.000E-03,+2.919598E+00,+2.839196E+00
-373.500E-03,+2.919598E+00,+2.761307E+00
-371.000E-03,+2.919598E+00,+2.919598E+00
-368.500E-03,+2.919598E+00,+2.721106E+00
-366.000E-03,+2.879397E+00,+2.881910E+00
-363.500E-03,+2.919598E+00,+2.721106E+00
-361.000E-03,+2.919598E+00,+2.879397E+00
-358.500E-03,+2.919598E+00,+2.758794E+00
-356.000E-03,+2.879397E+00,+2.841709E+00
-353.500E-03,+2.919598E+00,+2.879397E+00
-351.000E-03,+2.881910E+00,+2.801508E+00
-348.500E-03,+2.919598E+00,+2.959799E+00
-346.000E-03,+2.919598E+00,+2.761307E+00
-343.500E-03,+2.919598E+00,+2.919598E+00
-341.000E-03,+2.919598E+00,+2.718593E+00
-338.500E-03,+2.919598E+00,+2.879397E+00
-336.000E-03,+2.919598E+00,+2.798995E+00
-333.500E-03,+2.919598E+00,+2.801508E+00
-331.000E-03,+2.919598E+00,+2.879397E+00
-328.500E-03,+2.879397E+00,+2.758794E+00
-326.000E-03,+2.881910E+00,+2.919598E+00
-323.500E-03,+2.919598E+00,+2.721106E+00
-321.000E-03,+2.919598E+00,+2.881910E+00
-318.500E-03,+2.919598E+00,+2.758794E+00
-316.000E-03,+2.919598E+00,+2.839196E+00
-313.500E-03,+2.919598E+00,+2.839196E+00
-311.000E-03,+2.919598E+00,+2.801508E+00
-308.500E-03,+2.881910E+00,+2.919598E+00
-306.000E-03,+2.919598E+00,+2.761307E+00
-303.500E-03,+2.879397E+00,+2.919598E+00
-301.000E-03,+2.919598E+00,+2.758794E+00
-298.500E-03,+2.919598E+00,+2.881910E+00
-296.000E-03,+2.919598E+00,+2.758794E+00
-293.500E-03,+2.881910E+00,+2.841709E+00
-291.000E-03,+2.919598E+00,+2.839196E+00
-288.500E-03,+2.919598E+00,+2.841709E+00
-286.000E-03,+2.919598E+00,+2.919598E+00
-283.500E-03,+2.919598E+00,+2.798995E+00
-281.000E-03,+2.881910E+00,+2.919598E+00
-278.500E-03,+2.919598E+00,+2.718593E+00
-276.000E-03,+2.919598E+00,+2.881910E+00
-273.500E-03,+2.919598E+00,+2.798995E+00
-271.000E-03,+2.919598E+00,+2.839196E+00
-268.500E-03,+2.919598E+00,+2.839196E+00
-266.000E-03,+2.881910E+00,+2.761307E+00
-263.500E-03,+2.919598E+00,+2.879397E+00
-261.000E-03,+2.919598E+00,+2.721106E+00
-258.500E-03,+2.919598E+00,+2.919598E+00
-256.000E-03,+2.919598E+00,+2.721106E+00
-253.500E-03,+2.919598E+00,+2.881910E+00
-251.000E-03,+2.881910E+00,+2.798995E+00
-248.500E-03,+2.919598E+00,+2.801508E+00
-246.000E-03,+2.919598E+00,+2.879397E+00
-243.500E-03,+2.919598E+00,+2.761307E+00
-241.000E-03,+2.881910E+00,+2.919598E+00
-238.500E-03,+2.881910E+00,+2.758794E+00
-236.000E-03,+2.879397E+00,+2.881910E+00
-233.500E-03,+2.919598E+00,+2.758794E+00
-231.000E-03,+2.881910E+00,+2.879397E+00
-228.500E-03,+2.919598E+00,+2.798995E+00
-226.000E-03,+2.919598E+00,+2.801508E+00
-223.500E-03,+2.919598E+00,+2.919598E+00
-221.000E-03,+2.881910E+00,+2.721106E+00
-218.500E-03,+2.919598E+00,+2.879397E+00
-216.000E-03,+2.881910E+00,+2.718593E+00
-213.500E-03,+2.919598E+00,+2.841709E+00
-211.000E-03,+2.919598E+00,+2.798995E+00
-208.500E-03,+2.881910E+00,+2.841709E+00
-206.000E-03,+2.919598E+00,+2.839196E+00
-203.500E-03,+2.919598E+00,+2.761307E+00
-201.000E-03,+2.919598E+00,+2.919598E+00
-198.500E-03,+2.879397E+00,+2.758794E+00
-196.000E-03,+2.919598E+00,+2.881910E+00
-193.500E-03,+2.881910E+00,+2.758794E+00
-191.000E-03,+2.881910E+00,+2.919598E+00
-188.500E-03,+2.919598E+00,+2.839196E+00
-186.000E-03,+2.919598E+00,+2.839196E+00
-183.500E-03,+2.881910E+00,+2.879397E+00
-181.000E-03,+2.919598E+00,+2.798995E+00
-178.500E-03,+2.881910E+00,+2.879397E+00
-176.000E-03,+2.881910E+00,+2.718593E+00
-173.500E-03,+2.919598E+00,+2.881910E+00
-171.000E-03,+2.919598E+00,+2.758794E+00
-168.500E-03,+2.919598E+00,+2.879397E+00
-166.000E-03,+2.919598E+00,+2.839196E+00
-163.500E-03,+2.919598E+00,+2.801508E+00
-161.000E-03,+2.919598E+00,+2.879397E+00
-158.500E-03,+2.881910E+00,+2.761307E+00
-156.000E-03,+2.919598E+00,+2.959799E+00
-153.500E-03,+2.881910E+00,+2.721106E+00
-151.000E-03,+2.881910E+00,+2.879397E+00
-148.500E-03,+2.919598E+00,+2.798995E+00
-146.000E-03,+2.879397E+00,+2.879397E+00
-143.500E-03,+2.919598E+00,+2.839196E+00
-141.000E-03,+2.919598E+00,+2.801508E+00
-138.500E-03,+2.919598E+00,+2.879397E+00
-136.000E-03,+2.881910E+00,+2.761307E+00
-133.500E-03,+2.919598E+00,+2.881910E+00
-131.000E-03,+2.919598E+00,+2.721106E+00
-128.500E-03,+2.879397E+00,+2.881910E+00
-126.000E-03,+2.881910E+00,+2.798995E+00
-123.500E-03,+2.919598E+00,+2.841709E+00
-121.000E-03,+2.919598E+00,+2.879397E+00
-118.500E-03,+2.919598E+00,+2.839196E+00
-116.000E-03,+2.919598E+00,+2.959799E+00
-113.500E-03,+2.879397E+00,+2.761307E+00
-111.000E-03,+2.879397E+00,+2.881910E+00
-108.500E-03,+2.881910E+00,+2.758794E+00
-106.000E-03,+2.881910E+00,+2.879397E+00
-103.500E-03,+2.919598E+00,+2.839196E+00
-101.000E-03,+2.919598E+00,+2.841709E+00
-98.500E-03,+2.881910E+00,+2.879397E+00
-96.000E-03,+2.919598E+00,+2.761307E+00
-93.500E-03,+2.919598E+00,+2.919598E+00
-91.000E-03,+2.919598E+00,+2.721106E+00
-88.500E-03,+2.919598E+00,+2.881910E+00
-86.000E-03,+2.919598E+00,+2.798995E+00
-83.500E-03,+2.919598E+00,+2.879397E+00
-81.000E-03,+2.919598E+00,+2.839196E+00
-78.500E-03,+2.919598E+00,+2.801508E+00
-76.000E-03,+2.919598E+00,+2.919598E+00
-73.500E-03,+2.919598E+00,+2.798995E+00
-71.000E-03,+2.919598E+00,+2.919598E+00
-68.500E-03,+2.919598E+00,+2.721106E+00
-66.000E-03,+2.919598E+00,+2.881910E+00
-63.500E-03,+2.919598E+00,+2.839196E+00
-61.000E-03,+2.919598E+00,+2.841709E+00
-58.500E-03,+2.919598E+00,+2.839196E+00
-56.000E-03,+2.919598E+00,+2.841709E+00
-53.500E-03,+2.919598E+00,+2.919598E+00
-51.000E-03,+2.879397E+00,+2.761307E+00
-48.500E-03,+2.919598E+00,+2.919598E+00
-46.000E-03,+1.914573E+00,+2.718593E+00
-43.500E-03,+1.914573E+00,+2.881910E+00
-41.000E-03,+1.914573E+00,+2.839196E+00
-38.500E-03,+1.914573E+00,+2.801508E+00
-36.000E-03,+1.914573E+00,+2.758794E+00
-33.500E-03,+1.914573E+00,+2.600503E+00
-31.000E-03,+1.914573E+00,+2.517588E+00
-28.500E-03,+1.914573E+00,+2.198492E+00
-26.000E-03,+1.914573E+00,+2.115578E+00
-23.500E-03,+1.914573E+00,+1.834171E+00
-21.000E-03,+1.914573E+00,+1.793970E+00
-18.500E-03,+1.914573E+00,+1.592965E+00
-16.000E-03,+1.914573E+00,+1.635678E+00
-13.500E-03,+1.954774E+00,+1.512563E+00
-11.000E-03,+1.914573E+00,+1.555276E+00
-8.500E-03,+1.914573E+00,+1.633166E+00
-6.000E-03,+1.914573E+00,+1.555276E+00
-3.500E-03,+1.914573E+00,+1.874372E+00
-1.000E-03,+1.914573E+00,+1.793970E+00
+1.500E-03,+1.914573E+00,+1.997487E+00
+4.000E-03,+1.914573E+00,+1.994975E+00
+6.500E-03,+1.914573E+00,+2.037688E+00
+9.000E-03,+1.914573E+00,+2.075377E+00
+11.500E-03,+1.914573E+00,+1.957286E+00
+14.000E-03,+1.914573E+00,+1.954774E+00
+16.500E-03,+1.917085E+00,+1.793970E+00
+19.000E-03,+1.914573E+00,+1.874372E+00
+21.500E-03,+1.914573E+00,+1.713568E+00
+24.000E-03,+1.914573E+00,+1.834171E+00
+26.500E-03,+1.914573E+00,+1.793970E+00
+29.000E-03,+1.914573E+00,+1.796482E+00
+31.500E-03,+1.914573E+00,+1.874372E+00
+34.000E-03,+1.914573E+00,+1.836683E+00
+36.500E-03,+1.914573E+00,+2.035176E+00
+39.000E-03,+1.954774E+00,+1.914573E+00
+41.500E-03,+1.914573E+00,+2.075377E+00
+44.000E-03,+1.914573E+00,+1.914573E+00
+46.500E-03,+1.914573E+00,+1.957286E+00
+49.000E-03,+1.914573E+00,+1.874372E+00
+51.500E-03,+1.914573E+00,+1.836683E+00
+54.000E-03,+1.954774E+00,+1.874372E+00
+56.500E-03,+1.914573E+00,+1.796482E+00
+59.000E-03,+1.914573E+00,+1.914573E+00
+61.500E-03,+1.914573E+00,+1.834171E+00
+64.000E-03,+1.914573E+00,+1.994975E+00
+66.500E-03,+1.914573E+00,+1.874372E+00
+69.000E-03,+1.914573E+00,+1.917085E+00
+71.500E-03,+1.914573E+00,+1.954774E+00
+74.000E-03,+1.917085E+00,+1.876884E+00
+76.500E-03,+1.914573E+00,+1.994975E+00
+79.000E-03,+1.914573E+00,+1.836683E+00
+81.500E-03,+1.914573E+00,+1.954774E+00
+84.000E-03,+1.954774E+00,+1.834171E+00
+86.500E-03,+1.914573E+00,+1.997487E+00
+89.000E-03,+1.876884E+00,+1.874372E+00
+91.500E-03,+1.914573E+00,+1.917085E+00
+94.000E-03,+1.914573E+00,+1.954774E+00
+96.500E-03,+1.914573E+00,+1.914573E+00
+99.000E-03,+1.914573E+00,+1.954774E+00
+101.500E-03,+1.914573E+00,+1.834171E+00
+104.000E-03,+1.914573E+00,+1.994975E+00
+106.500E-03,+1.917085E+00,+1.874372E+00
+109.000E-03,+1.917085E+00,+1.957286E+00
+111.500E-03,+1.914573E+00,+1.874372E+00
+114.000E-03,+1.914573E+00,+1.917085E+00
+116.500E-03,+1.914573E+00,+1.914573E+00
+119.000E-03,+1.917085E+00,+1.836683E+00
+121.500E-03,+1.914573E+00,+1.954774E+00
+124.000E-03,+1.914573E+00,+1.836683E+00
+126.500E-03,+1.914573E+00,+1.994975E+00
+129.000E-03,+1.914573E+00,+1.874372E+00
+131.500E-03,+1.914573E+00,+1.954774E+00
+134.000E-03,+1.914573E+00,+1.914573E+00
+136.500E-03,+1.914573E+00,+1.876884E+00
+139.000E-03,+1.914573E+00,+1.914573E+00
+141.500E-03,+1.914573E+00,+1.796482E+00
+144.000E-03,+1.914573E+00,+1.954774E+00
+146.500E-03,+1.914573E+00,+1.834171E+00
+149.000E-03,+1.914573E+00,+1.994975E+00
+151.500E-03,+1.914573E+00,+1.874372E+00
+154.000E-03,+1.914573E+00,+1.954774E+00
+156.500E-03,+1.914573E+00,+1.914573E+00
+159.000E-03,+1.914573E+00,+1.876884E+00
+161.500E-03,+1.914573E+00,+1.954774E+00
+164.000E-03,+1.914573E+00,+1.874372E+00
+166.500E-03,+1.914573E+00,+2.035176E+00
+169.000E-03,+1.914573E+00,+1.834171E+00
+171.500E-03,+1.914573E+00,+1.957286E+00
+174.000E-03,+1.914573E+00,+1.874372E+00
+176.500E-03,+1.914573E+00,+1.914573E+00
+179.000E-03,+1.914573E+00,+1.954774E+00
+181.500E-03,+1.914573E+00,+1.836683E+00
+184.000E-03,+1.914573E+00,+1.954774E+00
+186.500E-03,+1.914573E+00,+1.796482E+00
+189.000E-03,+1.914573E+00,+1.954774E+00
+191.500E-03,+1.914573E+00,+1.834171E+00
+194.000E-03,+1.914573E+00,+1.994975E+00
+196.500E-03,+1.914573E+00,+1.914573E+00
+199.000E-03,+1.914573E+00,+1.954774E+00
+201.500E-03,+1.914573E+00,+1.954774E+00
+204.000E-03,+1.914573E+00,+1.876884E+00
+206.500E-03,+1.914573E+00,+1.994975E+00
+209.000E-03,+1.914573E+00,+1.874372E+00
+211.500E-03,+1.914573E+00,+2.035176E+00
+214.000E-03,+1.914573E+00,+1.874372E+00
+216.500E-03,+1.914573E+00,+1.957286E+00
+219.000E-03,+1.914573E+00,+1.914573E+00
+221.500E-03,+1.917085E+00,+1.876884E+00
+224.000E-03,+1.914573E+00,+1.914573E+00
+226.500E-03,+1.914573E+00,+1.874372E+00
+229.000E-03,+1.914573E+00,+1.994975E+00
+231.500E-03,+1.914573E+00,+1.834171E+00
+234.000E-03,+1.914573E+00,+1.994975E+00
+236.500E-03,+1.914573E+00,+1.874372E+00
+239.000E-03,+1.914573E+00,+1.917085E+00
+241.500E-03,+1.914573E+00,+1.914573E+00
+244.000E-03,+1.914573E+00,+1.914573E+00
+246.500E-03,+1.914573E+00,+1.954774E+00
+249.000E-03,+1.914573E+00,+1.834171E+00
+251.500E-03,+1.914573E+00,+1.994975E+00
+254.000E-03,+1.914573E+00,+1.793970E+00
+256.500E-03,+1.914573E+00,+1.957286E+00
+259.000E-03,+1.914573E+00,+1.914573E+00
+261.500E-03,+1.914573E+00,+1.876884E+00
+264.000E-03,+1.914573E+00,+1.914573E+00
+266.500E-03,+1.914573E+00,+1.836683E+00
+269.000E-03,+1.914573E+00,+1.954774E+00
+271.500E-03,+1.914573E+00,+1.836683E+00
+274.000E-03,+1.914573E+00,+1.994975E+00
+276.500E-03,+1.914573E+00,+1.874372E+00
+279.000E-03,+1.914573E+00,+1.954774E+00
+281.500E-03,+1.914573E+00,+1.874372E+00
+284.000E-03,+1.954774E+00,+1.836683E+00
+286.500E-03,+1.914573E+00,+1.914573E+00
+289.000E-03,+1.914573E+00,+1.796482E+00
+291.500E-03,+1.914573E+00,+1.994975E+00
+294.000E-03,+1.914573E+00,+1.834171E+00
+296.500E-03,+1.914573E+00,+2.035176E+00
+299.000E-03,+1.914573E+00,+1.834171E+00
+301.500E-03,+1.914573E+00,+1.957286E+00
+304.000E-03,+1.914573E+00,+1.914573E+00
+306.500E-03,+1.914573E+00,+1.876884E+00
+309.000E-03,+1.914573E+00,+1.954774E+00
+311.500E-03,+1.914573E+00,+1.836683E+00
+314.000E-03,+1.914573E+00,+1.954774E+00
+316.500E-03,+1.954774E+00,+1.834171E+00
+319.000E-03,+1.914573E+00,+1.994975E+00
+321.500E-03,+1.914573E+00,+1.874372E+00
+324.000E-03,+1.914573E+00,+1.914573E+00
+326.500E-03,+1.914573E+00,+1.914573E+00
+329.000E-03,+1.914573E+00,+1.876884E+00
+331.500E-03,+1.914573E+00,+1.994975E+00
+334.000E-03,+1.914573E+00,+1.836683E+00
+336.500E-03,+1.914573E+00,+2.035176E+00
+339.000E-03,+1.914573E+00,+1.834171E+00
+341.500E-03,+1.914573E+00,+1.954774E+00
+344.000E-03,+1.914573E+00,+1.874372E+00
+346.500E-03,+1.914573E+00,+1.917085E+00
+349.000E-03,+1.914573E+00,+1.914573E+00
+351.500E-03,+1.914573E+00,+1.836683E+00
+354.000E-03,+1.914573E+00,+1.994975E+00
+356.500E-03,+1.914573E+00,+1.836683E+00
+359.000E-03,+1.914573E+00,+1.994975E+00
+361.500E-03,+1.914573E+00,+1.874372E+00
+364.000E-03,+1.914573E+00,+1.994975E+00
+366.500E-03,+1.914573E+00,+1.914573E+00
+369.000E-03,+1.914573E+00,+1.917085E+00
+371.500E-03,+1.914573E+00,+1.914573E+00
+374.000E-03,+1.914573E+00,+1.796482E+00
+376.500E-03,+1.914573E+00,+1.954774E+00
+379.000E-03,+1.914573E+00,+1.836683E+00
+381.500E-03,+1.914573E+00,+1.994975E+00
+384.000E-03,+1.914573E+00,+1.914573E+00
+386.500E-03,+1.914573E+00,+1.957286E+00
+389.000E-03,+1.914573E+00,+1.914573E+00
+391.500E-03,+1.876884E+00,+1.876884E+00
+394.000E-03,+1.914573E+00,+1.954774E+00
+396.500E-03,+1.914573E+00,+1.836683E+00
+399.000E-03,+1.917085E+00,+1.957286E+00
+401.500E-03,+1.914573E+00,+1.874372E+00
+404.000E-03,+1.914573E+00,+1.957286E+00
+406.500E-03,+1.914573E+00,+1.874372E+00
+409.000E-03,+1.914573E+00,+1.917085E+00
+411.500E-03,+1.914573E+00,+1.914573E+00
+414.000E-03,+1.914573E+00,+1.914573E+00
+416.500E-03,+1.914573E+00,+1.954774E+00
+419.000E-03,+1.914573E+00,+1.834171E+00
+421.500E-03,+1.914573E+00,+1.954774E+00
+424.000E-03,+1.914573E+00,+1.874372E+00
+426.500E-03,+1.914573E+00,+1.994975E+00
+429.000E-03,+1.914573E+00,+1.914573E+00
+431.500E-03,+1.914573E+00,+1.917085E+00
+434.000E-03,+1.876884E+00,+1.914573E+00
+436.500E-03,+1.914573E+00,+1.836683E+00
+439.000E-03,+1.914573E+00,+1.994975E+00
+441.500E-03,+1.914573E+00,+1.793970E+00
+444.000E-03,+1.914573E+00,+1.994975E+00
+446.500E-03,+1.914573E+00,+1.874372E+00
+449.000E-03,+1.914573E+00,+1.957286E+00
+451.500E-03,+1.914573E+00,+1.874372E+00
+454.000E-03,+1.917085E+00,+1.876884E+00
+456.500E-03,+1.914573E+00,+1.954774E+00
+459.000E-03,+1.914573E+00,+1.834171E+00
+461.500E-03,+1.914573E+00,+1.994975E+00
+464.000E-03,+1.914573E+00,+1.834171E+00
+466.500E-03,+1.914573E+00,+1.954774E+00
+469.000E-03,+1.874372E+00,+1.874372E+00
+471.500E-03,+1.914573E+00,+1.917085E+00
+474.000E-03,+1.914573E+00,+1.914573E+00
+476.500E-03,+1.914573E+00,+1.876884E+00
+479.000E-03,+1.914573E+00,+1.954774E+00
+481.500E-03,+1.914573E+00,+1.836683E+00
+484.000E-03,+1.914573E+00,+2.035176E+00
+486.500E-03,+1.914573E+00,+1.796482E+00
+489.000E-03,+1.954774E+00,+1.957286E+00
+491.500E-03,+1.914573E+00,+1.914573E+00
+494.000E-03,+1.954774E+00,+1.917085E+00
+496.500E-03,+1.914573E+00,+1.954774E+00
+499.000E-03,+1.914573E+00,+1.876884E+00
+501.500E-03,+1.914573E+00,+1.994975E+00
+504.000E-03,+1.914573E+00,+1.834171E+00
+506.500E-03,+1.914573E+00,+2.035176E+00
+509.000E-03,+1.914573E+00,+1.874372E+00
+511.500E-03,+1.914573E+00,+1.957286E+00
+514.000E-03,+1.914573E+00,+1.914573E+00
+516.500E-03,+1.914573E+00,+1.917085E+00
+519.000E-03,+1.914573E+00,+1.954774E+00
+521.500E-03,+1.914573E+00,+1.876884E+00
+524.000E-03,+1.914573E+00,+1.994975E+00
+526.500E-03,+1.914573E+00,+1.836683E+00
+529.000E-03,+1.914573E+00,+1.994975E+00
+531.500E-03,+1.914573E+00,+1.874372E+00
+534.000E-03,+1.914573E+00,+1.957286E+00
+536.500E-03,+1.914573E+00,+1.914573E+00
+539.000E-03,+1.914573E+00,+1.917085E+00
+541.500E-03,+1.914573E+00,+1.954774E+00
+544.000E-03,+1.914573E+00,+1.836683E+00
+546.500E-03,+1.914573E+00,+1.994975E+00
+549.000E-03,+1.914573E+00,+1.834171E+00
+551.500E-03,+1.914573E+00,+1.994975E+00
+554.000E-03,+1.914573E+00,+1.834171E+00
+556.500E-03,+1.876884E+00,+1.917085E+00
+559.000E-03,+1.914573E+00,+1.914573E+00
+561.500E-03,+1.914573E+00,+1.876884E+00
+564.000E-03,+1.914573E+00,+1.954774E+00
+566.500E-03,+1.914573E+00,+1.836683E+00
+569.000E-03,+1.914573E+00,+1.994975E+00
+571.500E-03,+1.914573E+00,+1.874372E+00
+574.000E-03,+1.914573E+00,+1.997487E+00
+576.500E-03,+1.914573E+00,+1.874372E+00
+579.000E-03,+1.914573E+00,+1.876884E+00
+581.500E-03,+1.914573E+00,+1.914573E+00
+584.000E-03,+1.914573E+00,+1.836683E+00
+586.500E-03,+1.914573E+00,+1.954774E+00
+589.000E-03,+1.914573E+00,+1.796482E+00
+591.500E-03,+1.914573E+00,+1.994975E+00
+594.000E-03,+1.876884E+00,+1.874372E+00
+596.500E-03,+1.914573E+00,+1.954774E+00
+599.000E-03,+1.954774E+00,+1.874372E+00
+601.500E-03,+1.914573E+00,+1.914573E+00
+604.000E-03,+1.914573E+00,+1.914573E+00
+606.500E-03,+1.914573E+00,+1.836683E+00
+609.000E-03,+1.914573E+00,+2.035176E+00
+611.500E-03,+1.914573E+00,+1.834171E+00
+614.000E-03,+1.917085E+00,+1.994975E+00
+616.500E-03,+1.914573E+00,+1.874372E+00
+619.000E-03,+1.914573E+00,+1.957286E+00
+621.500E-03,+1.954774E+00,+1.914573E+00
+624.000E-03,+1.914573E+00,+1.876884E+00
+626.500E-03,+1.954774E+00,+1.954774E+00
+629.000E-03,+1.914573E+00,+1.796482E+00
+631.500E-03,+1.914573E+00,+1.994975E+00
+634.000E-03,+1.914573E+00,+1.834171E+00
+636.500E-03,+1.914573E+00,+1.957286E+00
+639.000E-03,+1.876884E+00,+1.874372E+00
+641.500E-03,+1.914573E+00,+1.957286E+00
+644.000E-03,+1.914573E+00,+1.914573E+00
+646.500E-03,+1.914573E+00,+1.914573E+00
+649.000E-03,+1.914573E+00,+1.954774E+00
+651.500E-03,+1.914573E+00,+1.796482E+00
+654.000E-03,+1.914573E+00,+1.994975E+00
+656.500E-03,+1.914573E+00,+1.834171E+00
+659.000E-03,+1.914573E+00,+1.994975E+00
+661.500E-03,+1.914573E+00,+1.914573E+00
+664.000E-03,+1.914573E+00,+1.876884E+00
+666.500E-03,+1.914573E+00,+1.914573E+00
+669.000E-03,+1.876884E+00,+1.836683E+00
+671.500E-03,+1.914573E+00,+1.954774E+00
+674.000E-03,+1.914573E+00,+1.796482E+00
+676.500E-03,+1.914573E+00,+1.957286E+00
+679.000E-03,+1.914573E+00,+1.874372E+00
+681.500E-03,+1.914573E+00,+1.997487E+00
+684.000E-03,+1.914573E+00,+1.914573E+00
+686.500E-03,+1.914573E+00,+1.876884E+00
+689.000E-03,+1.914573E+00,+1.914573E+00
+691.500E-03,+1.914573E+00,+1.796482E+00
+694.000E-03,+1.914573E+00,+1.994975E+00
+696.500E-03,+1.914573E+00,+1.834171E+00
+699.000E-03,+1.914573E+00,+1.994975E+00
+701.500E-03,+1.914573E+00,+1.834171E+00
+704.000E-03,+1.914573E+00,+1.917085E+00
+706.500E-03,+1.914573E+00,+1.874372E+00
+709.000E-03,+1.914573E+00,+1.876884E+00
+711.500E-03,+1.914573E+00,+1.954774E+00
+714.000E-03,+1.914573E+00,+1.796482E+00
+716.500E-03,+1.914573E+00,+1.954774E+00
+719.000E-03,+1.914573E+00,+1.834171E+00
+721.500E-03,+1.914573E+00,+1.994975E+00
+724.000E-03,+1.914573E+00,+1.874372E+00
+726.500E-03,+1.914573E+00,+1.954774E+00
+729.000E-03,+1.914573E+00,+1.914573E+00
+731.500E-03,+1.914573E+00,+1.836683E+00
+734.000E-03,+1.914573E+00,+1.914573E+00
+736.500E-03,+1.914573E+00,+1.796482E+00
+739.000E-03,+1.914573E+00,+1.994975E+00
+741.500E-03,+1.914573E+00,+1.834171E+00
+744.000E-03,+1.914573E+00,+1.957286E+00
+746.500E-03,+1.954774E+00,+1.874372E+00
+749.000E-03,+1.914573E+00,+1.876884E+00
+751.500E-03,+1.914573E+00,+1.954774E+00
+754.000E-03,+1.914573E+00,+1.876884E+00
+756.500E-03,+1.914573E+00,+1.954774E+00
+759.000E-03,+1.914573E+00,+1.834171E+00
+761.500E-03,+1.914573E+00,+1.994975E+00
+764.000E-03,+1.914573E+00,+1.834171E+00
+766.500E-03,+1.914573E+00,+1.917085E+00
+769.000E-03,+1.914573E+00,+1.914573E+00
+771.500E-03,+1.914573E+00,+1.917085E+00
+774.000E-03,+1.876884E+00,+1.914573E+00
+776.500E-03,+1.914573E+00,+1.834171E+00
+779.000E-03,+1.914573E+00,+1.954774E+00
+781.500E-03,+1.914573E+00,+1.834171E+00
+784.000E-03,+1.914573E+00,+1.957286E+00
+786.500E-03,+1.914573E+00,+1.836683E+00
+789.000E-03,+1.914573E+00,+1.954774E+00
+791.500E-03,+1.914573E+00,+1.914573E+00
+794.000E-03,+1.914573E+00,+1.874372E+00
+796.500E-03,+1.914573E+00,+1.954774E+00
+799.000E-03,+1.914573E+00,+1.796482E+00
+801.500E-03,+1.914573E+00,+1.954774E+00
+804.000E-03,+1.914573E+00,+1.793970E+00
+806.500E-03,+1.914573E+00,+1.957286E+00
+809.000E-03,+1.914573E+00,+1.834171E+00
+811.500E-03,+1.914573E+00,+1.914573E+00
+814.000E-03,+1.914573E+00,+1.874372E+00
+816.500E-03,+1.914573E+00,+1.836683E+00
+819.000E-03,+1.914573E+00,+1.954774E+00
+821.500E-03,+1.914573E+00,+1.796482E+00
+824.000E-03,+1.914573E+00,+1.994975E+00
+826.500E-03,+1.914573E+00,+1.874372E+00
+829.000E-03,+1.914573E+00,+1.957286E+00
+831.500E-03,+1.914573E+00,+1.914573E+00
+834.000E-03,+1.914573E+00,+1.876884E+00
+836.500E-03,+1.914573E+00,+1.914573E+00
+839.000E-03,+1.954774E+00,+1.796482E+00
+841.500E-03,+1.914573E+00,+1.954774E+00
+844.000E-03,+1.914573E+00,+1.793970E+00
+846.500E-03,+1.914573E+00,+1.994975E+00
+849.000E-03,+1.914573E+00,+1.834171E+00
+851.500E-03,+1.917085E+00,+1.957286E+00
+854.000E-03,+1.914573E+00,+1.914573E+00
+856.500E-03,+1.876884E+00,+1.876884E+00
+859.000E-03,+1.914573E+00,+1.954774E+00
+861.500E-03,+1.914573E+00,+1.836683E+00
+864.000E-03,+1.914573E+00,+1.994975E+00
+866.500E-03,+1.914573E+00,+1.834171E+00
+869.000E-03,+1.914573E+00,+1.994975E+00
+871.500E-03,+1.914573E+00,+1.834171E+00
+874.000E-03,+1.914573E+00,+1.917085E+00
+876.500E-03,+1.876884E+00,+1.914573E+00
+879.000E-03,+1.914573E+00,+1.876884E+00
+881.500E-03,+1.914573E+00,+1.954774E+00
+884.000E-03,+1.914573E+00,+1.796482E+00
+886.500E-03,+1.914573E+00,+1.994975E+00
+889.000E-03,+1.914573E+00,+1.834171E+00
+891.500E-03,+1.914573E+00,+1.954774E+00
+894.000E-03,+1.914573E+00,+1.874372E+00
+896.500E-03,+1.914573E+00,+1.914573E+00
+899.000E-03,+1.914573E+00,+1.874372E+00
+901.500E-03,+1.914573E+00,+1.834171E+00
+904.000E-03,+1.914573E+00,+1.954774E+00
+906.500E-03,+1.914573E+00,+1.793970E+00
+909.000E-03,+1.914573E+00,+1.994975E+00
+911.500E-03,+1.914573E+00,+1.834171E+00
+914.000E-03,+1.914573E+00,+1.957286E+00
+916.500E-03,+1.914573E+00,+1.874372E+00
+919.000E-03,+1.914573E+00,+1.876884E+00
+921.500E-03,+1.914573E+00,+1.914573E+00
+924.000E-03,+1.914573E+00,+1.796482E+00
+926.500E-03,+1.914573E+00,+1.954774E+00
+929.000E-03,+1.914573E+00,+1.793970E+00
+931.500E-03,+1.914573E+00,+1.954774E+00
+934.000E-03,+1.914573E+00,+1.874372E+00
+936.500E-03,+1.914573E+00,+1.957286E+00
+939.000E-03,+1.876884E+00,+1.914573E+00
+941.500E-03,+1.876884E+00,+1.836683E+00
+944.000E-03,+1.914573E+00,+1.914573E+00
+946.500E-03,+1.914573E+00,+1.756281E+00
+949.000E-03,+1.914573E+00,+1.954774E+00
+951.500E-03,+1.914573E+00,+1.834171E+00
+954.000E-03,+2.881910E+00,+1.957286E+00
+956.500E-03,+2.881910E+00,+1.834171E+00
+959.000E-03,+2.881910E+00,+1.876884E+00
+961.500E-03,+2.919598E+00,+1.914573E+00
+964.000E-03,+2.919598E+00,+1.876884E+00
+966.500E-03,+2.919598E+00,+2.035176E+00
+969.000E-03,+2.919598E+00,+1.957286E+00
+971.500E-03,+2.879397E+00,+2.195980E+00
+974.000E-03,+2.881910E+00,+2.195980E+00
+976.500E-03,+2.919598E+00,+2.359296E+00
+979.000E-03,+2.881910E+00,+2.477387E+00
+981.500E-03,+2.919598E+00,+2.560302E+00
+984.000E-03,+2.919598E+00,+2.879397E+00
+986.500E-03,+2.881910E+00,+2.801508E+00
+989.000E-03,+2.919598E+00,+3.040201E+00
+991.500E-03,+2.919598E+00,+2.919598E+00
+994.000E-03,+2.919598E+00,+3.000000E+00
+996.500E-03,+2.919598E+00,+2.839196E+00
+999.000E-03,+2.919598E+00,+2.761307E+00
+1.001500E+00,+2.881910E+00,+2.678392E+00
+1.004000E+00,+2.919598E+00,+2.597990E+00
+1.006500E+00,+2.881910E+00,+2.678392E+00
+1.009000E+00,+2.919598E+00,+2.517588E+00
+1.011500E+00,+2.879397E+00,+2.678392E+00
+1.014000E+00,+2.919598E+00,+2.597990E+00
+1.016500E+00,+2.881910E+00,+2.761307E+00
+1.019000E+00,+2.879397E+00,+2.798995E+00
+1.021500E+00,+2.919598E+00,+2.881910E+00
+1.024000E+00,+2.881910E+00,+2.959799E+00
+1.026500E+00,+2.919598E+00,+2.919598E+00
+1.029000E+00,+2.919598E+00,+3.000000E+00
+1.031500E+00,+2.919598E+00,+2.758794E+00
+1.034000E+00,+2.919598E+00,+2.881910E+00
+1.036500E+00,+2.919598E+00,+2.638191E+00
+1.039000E+00,+2.919598E+00,+2.721106E+00
+1.041500E+00,+2.881910E+00,+2.678392E+00
+1.044000E+00,+2.919598E+00,+2.678392E+00
+1.046500E+00,+2.881910E+00,+2.798995E+00
+1.049000E+00,+2.881910E+00,+2.721106E+00
+1.051500E+00,+2.919598E+00,+2.919598E+00
+1.054000E+00,+2.879397E+00,+2.761307E+00
+1.056500E+00,+2.919598E+00,+2.922111E+00
+1.059000E+00,+2.919598E+00,+2.879397E+00
+1.061500E+00,+2.919598E+00,+2.881910E+00
+1.064000E+00,+2.919598E+00,+2.879397E+00
+1.066500E+00,+2.919598E+00,+2.761307E+00
+1.069000E+00,+2.919598E+00,+2.879397E+00
+1.071500E+00,+2.879397E+00,+2.680905E+00
+1.074000E+00,+2.879397E+00,+2.841709E+00
+1.076500E+00,+2.879397E+00,+2.718593E+00
+1.079000E+00,+2.881910E+00,+2.841709E+00
+1.081500E+00,+2.919598E+00,+2.798995E+00
+1.084000E+00,+2.919598E+00,+2.841709E+00
+1.086500E+00,+2.919598E+00,+2.959799E+00
+1.089000E+00,+2.919598E+00,+2.841709E+00
+1.091500E+00,+2.919598E+00,+2.959799E+00
+1.094000E+00,+2.879397E+00,+2.801508E+00
+1.096500E+00,+2.919598E+00,+2.959799E+00
+1.099000E+00,+2.879397E+00,+2.758794E+00
+1.101500E+00,+2.881910E+00,+2.841709E+00
+1.104000E+00,+2.919598E+00,+2.839196E+00
+1.106500E+00,+2.919598E+00,+2.801508E+00
+1.109000E+00,+2.919598E+00,+2.879397E+00
+1.111500E+00,+2.919598E+00,+2.721106E+00
+1.114000E+00,+2.919598E+00,+2.919598E+00
+1.116500E+00,+2.879397E+00,+2.721106E+00
+1.119000E+00,+2.919598E+00,+2.881910E+00
+1.121500E+00,+2.919598E+00,+2.798995E+00
+1.124000E+00,+2.919598E+00,+2.841709E+00
+1.126500E+00,+2.919598E+00,+2.839196E+00
+1.129000E+00,+2.881910E+00,+2.798995E+00
+1.131500E+00,+2.881910E+00,+2.879397E+00
+1.134000E+00,+2.881910E+00,+2.758794E+00
+1.136500E+00,+2.919598E+00,+2.919598E+00
+1.139000E+00,+2.919598E+00,+2.721106E+00
+1.141500E+00,+2.881910E+00,+2.881910E+00
+1.144000E+00,+2.919598E+00,+2.758794E+00
+1.146500E+00,+2.919598E+00,+2.841709E+00
+1.149000E+00,+2.919598E+00,+2.879397E+00
+1.151500E+00,+2.919598E+00,+2.801508E+00
+1.154000E+00,+2.881910E+00,+2.919598E+00
+1.156500E+00,+2.881910E+00,+2.721106E+00
+1.159000E+00,+2.919598E+00,+2.919598E+00
+1.161500E+00,+2.879397E+00,+2.721106E+00
+1.164000E+00,+2.919598E+00,+2.841709E+00
+1.166500E+00,+2.881910E+00,+2.798995E+00
+1.169000E+00,+2.881910E+00,+2.801508E+00
+1.171500E+00,+2.919598E+00,+2.839196E+00
+1.174000E+00,+2.881910E+00,+2.761307E+00
+1.176500E+00,+2.919598E+00,+2.919598E+00
+1.179000E+00,+2.879397E+00,+2.721106E+00
+1.181500E+00,+2.919598E+00,+2.879397E+00
+1.184000E+00,+2.881910E+00,+2.718593E+00
+1.186500E+00,+2.881910E+00,+2.841709E+00
+1.189000E+00,+2.881910E+00,+2.798995E+00
+1.191500E+00,+2.919598E+00,+2.801508E+00
+1.194000E+00,+2.919598E+00,+2.879397E+00
+1.196500E+00,+2.919598E+00,+2.761307E+00
+1.199000E+00,+2.919598E+00,+2.881910E+00
+1.201500E+00,+2.919598E+00,+2.721106E+00
+1.204000E+00,+2.919598E+00,+2.879397E+00
+1.206500E+00,+2.919598E+00,+2.758794E+00
+1.209000E+00,+2.881910E+00,+2.841709E+00
+1.211500E+00,+2.919598E+00,+2.839196E+00
+1.214000E+00,+2.881910E+00,+2.798995E+00
+1.216500E+00,+2.919598E+00,+2.839196E+00
+1.219000E+00,+2.881910E+00,+2.758794E+00
+1.221500E+00,+2.881910E+00,+2.919598E+00
+1.224000E+00,+2.919598E+00,+2.758794E+00
+1.226500E+00,+2.919598E+00,+2.841709E+00
+1.229000E+00,+2.919598E+00,+2.798995E+00
+1.231500E+00,+2.879397E+00,+2.801508E+00
+1.234000E+00,+2.919598E+00,+2.839196E+00
+1.236500E+00,+2.919598E+00,+2.801508E+00
+1.239000E+00,+2.919598E+00,+2.919598E+00
+1.241500E+00,+2.919598E+00,+2.761307E+00
+1.244000E+00,+2.881910E+00,+2.919598E+00
+1.246500E+00,+2.881910E+00,+2.758794E+00
+1.249000E+00,+2.919598E+00,+2.839196E+00
+1.251500E+00,+2.919598E+00,+2.798995E+00
+1.254000E+00,+2.919598E+00,+2.839196E+00
+1.256500E+00,+2.881910E+00,+2.839196E+00
+1.259000E+00,+2.922111E+00,+2.761307E+00
+1.261500E+00,+2.881910E+00,+2.919598E+00
+1.264000E+00,+2.879397E+00,+2.761307E+00
+1.266500E+00,+2.879397E+00,+2.881910E+00
+1.269000E+00,+2.919598E+00,+2.839196E+00
+1.271500E+00,+2.919598E+00,+2.879397E+00
+1.274000E+00,+2.919598E+00,+2.839196E+00
+1.276500E+00,+2.919598E+00,+2.839196E+00
+1.279000E+00,+2.919598E+00,+2.919598E+00
+1.281500E+00,+2.919598E+00,+2.758794E+00
+1.284000E+00,+2.919598E+00,+2.879397E+00
+1.286500E+00,+2.919598E+00,+2.721106E+00
+1.289000E+00,+2.919598E+00,+2.879397E+00
+1.291500E+00,+2.881910E+00,+2.758794E+00
+1.294000E+00,+2.919598E+00,+2.841709E+00
+1.296500E+00,+2.919598E+00,+2.839196E+00
+1.299000E+00,+2.919598E+00,+2.761307E+00
+1.301500E+00,+2.919598E+00,+2.919598E+00
+1.304000E+00,+2.919598E+00,+2.761307E+00
+1.306500E+00,+2.919598E+00,+2.919598E+00
+1.309000E+00,+2.919598E+00,+2.718593E+00
+1.311500E+00,+2.881910E+00,+2.841709E+00
+1.314000E+00,+2.881910E+00,+2.798995E+00
+1.316500E+00,+2.919598E+00,+2.839196E+00
+1.319000E+00,+2.919598E+00,+2.839196E+00
+1.321500E+00,+2.919598E+00,+2.761307E+00
+1.324000E+00,+2.919598E+00,+2.879397E+00
+1.326500E+00,+2.919598E+00,+2.721106E+00
+1.329000E+00,+2.919598E+00,+2.841709E+00
+1.331500E+00,+2.919598E+00,+2.798995E+00
+1.334000E+00,+2.919598E+00,+2.841709E+00
+1.336500E+00,+2.919598E+00,+2.798995E+00
+1.339000E+00,+2.919598E+00,+2.839196E+00
+1.341500E+00,+2.881910E+00,+2.919598E+00
+1.344000E+00,+2.881910E+00,+2.761307E+00
+1.346500E+00,+2.919598E+00,+2.919598E+00
+1.349000E+00,+2.919598E+00,+2.721106E+00
+1.351500E+00,+2.879397E+00,+2.879397E+00
+1.354000E+00,+2.919598E+00,+2.758794E+00
+1.356500E+00,+2.919598E+00,+2.879397E+00
+1.359000E+00,+2.919598E+00,+2.839196E+00
+1.361500E+00,+2.881910E+00,+2.761307E+00
+1.364000E+00,+2.919598E+00,+2.879397E+00
+1.366500E+00,+2.919598E+00,+2.721106E+00
+1.369000E+00,+2.919598E+00,+2.919598E+00
+1.371500E+00,+2.919598E+00,+2.718593E+00
+1.374000E+00,+2.879397E+00,+2.841709E+00
+1.376500E+00,+2.919598E+00,+2.758794E+00
+1.379000E+00,+2.919598E+00,+2.839196E+00
+1.381500E+00,+2.881910E+00,+2.839196E+00
+1.384000E+00,+2.919598E+00,+2.798995E+00
+1.386500E+00,+2.919598E+00,+2.919598E+00
+1.389000E+00,+2.919598E+00,+2.721106E+00
+1.391500E+00,+2.881910E+00,+2.881910E+00
+1.394000E+00,+2.919598E+00,+2.718593E+00
+1.396500E+00,+2.919598E+00,+2.879397E+00
+1.399000E+00,+2.919598E+00,+2.798995E+00
+1.401500E+00,+2.879397E+00,+2.801508E+00
+1.404000E+00,+2.919598E+00,+2.839196E+00
+1.406500E+00,+2.919598E+00,+2.798995E+00
+1.409000E+00,+2.919598E+00,+2.959799E+00
+1.411500E+00,+2.919598E+00,+2.721106E+00
+1.414000E+00,+2.881910E+00,+2.881910E+00
+1.416500E+00,+2.919598E+00,+2.758794E+00
+1.419000E+00,+2.919598E+00,+2.841709E+00
+1.421500E+00,+2.919598E+00,+2.798995E+00
+1.424000E+00,+2.919598E+00,+2.839196E+00
+1.426500E+00,+2.919598E+00,+2.879397E+00
+1.429000E+00,+2.919598E+00,+2.761307E+00
+1.431500E+00,+2.919598E+00,+2.919598E+00
+1.434000E+00,+2.881910E+00,+2.718593E+00
+1.436500E+00,+2.919598E+00,+2.879397E+00
+1.439000E+00,+2.919598E+00,+2.758794E+00
+1.441500E+00,+2.919598E+00,+2.839196E+00
+1.444000E+00,+2.881910E+00,+2.839196E+00
+1.446500E+00,+2.919598E+00,+2.801508E+00
+1.449000E+00,+2.919598E+00,+2.839196E+00
+1.451500E+00,+2.919598E+00,+2.721106E+00
+1.454000E+00,+2.919598E+00,+2.879397E+00
+1.456500E+00,+2.919598E+00,+2.721106E+00
+1.459000E+00,+2.919598E+00,+2.879397E+00
+1.461500E+00,+2.881910E+00,+2.798995E+00
+1.464000E+00,+2.881910E+00,+2.801508E+00
+1.466500E+00,+2.879397E+00,+2.839196E+00
+1.469000E+00,+2.919598E+00,+2.798995E+00
+1.471500E+00,+2.919598E+00,+2.919598E+00
+1.474000E+00,+2.881910E+00,+2.761307E+00
+1.476500E+00,+2.919598E+00,+2.881910E+00
+1.479000E+00,+2.919598E+00,+2.718593E+00
+1.481500E+00,+2.881910E+00,+2.879397E+00
+1.484000E+00,+2.881910E+00,+2.798995E+00
+1.486500E+00,+2.919598E+00,+2.801508E+00
+1.489000E+00,+2.879397E+00,+2.839196E+00
+1.491500E+00,+2.919598E+00,+2.798995E+00
+1.494000E+00,+2.919598E+00,+2.919598E+00
+1.496500E+00,+2.879397E+00,+2.721106E+00
+1.499000E+00,+2.919598E+00,+2.919598E+00
+1.501500E+00,+2.919598E+00,+2.758794E+00
+1.504000E+00,+2.919598E+00,+2.881910E+00
+1.506500E+00,+2.919598E+00,+2.839196E+00
+1.509000E+00,+2.881910E+00,+2.879397E+00
+1.511500E+00,+2.879397E+00,+2.879397E+00
+1.514000E+00,+2.919598E+00,+2.761307E+00
+1.516500E+00,+2.881910E+00,+2.879397E+00
+1.519000E+00,+2.919598E+00,+2.721106E+00
+1.521500E+00,+2.919598E+00,+2.881910E+00
+1.524000E+00,+2.879397E+00,+2.758794E+00
+1.526500E+00,+2.881910E+00,+2.801508E+00
+1.529000E+00,+2.881910E+00,+2.798995E+00
+1.531500E+00,+2.919598E+00,+2.758794E+00
+1.534000E+00,+2.919598E+00,+2.839196E+00
+1.536500E+00,+2.881910E+00,+2.721106E+00
+1.539000E+00,+2.919598E+00,+2.919598E+00
+1.541500E+00,+2.919598E+00,+2.758794E+00
+1.544000E+00,+2.919598E+00,+2.879397E+00
+1.546500E+00,+2.919598E+00,+2.758794E+00
+1.549000E+00,+2.919598E+00,+2.801508E+00
+1.551500E+00,+2.919598E+00,+2.839196E+00
+1.554000E+00,+2.919598E+00,+2.801508E+00
+1.556500E+00,+2.881910E+00,+2.919598E+00
+1.559000E+00,+2.919598E+00,+2.721106E+00
+1.561500E+00,+2.919598E+00,+2.919598E+00
+1.564000E+00,+2.919598E+00,+2.718593E+00
+1.566500E+00,+2.919598E+00,+2.841709E+00
+1.569000E+00,+2.919598E+00,+2.839196E+00
+1.571500E+00,+2.919598E+00,+2.801508E+00
+1.574000E+00,+2.919598E+00,+2.879397E+00
+1.576500E+00,+2.919598E+00,+2.798995E+00
+1.579000E+00,+2.919598E+00,+2.919598E+00
+1.581500E+00,+2.919598E+00,+2.721106E+00
+1.584000E+00,+2.919598E+00,+2.881910E+00
+1.586500E+00,+2.919598E+00,+2.758794E+00
+1.589000E+00,+2.919598E+00,+2.841709E+00
+1.591500E+00,+2.919598E+00,+2.839196E+00
+1.594000E+00,+2.881910E+00,+2.761307E+00
+1.596500E+00,+2.919598E+00,+2.919598E+00
+1.599000E+00,+2.919598E+00,+2.680905E+00
+1.601500E+00,+2.919598E+00,+2.919598E+00
+1.604000E+00,+2.919598E+00,+2.721106E+00
+1.606500E+00,+2.919598E+00,+2.841709E+00
+1.609000E+00,+2.881910E+00,+2.839196E+00
+1.611500E+00,+2.881910E+00,+2.839196E+00
+1.614000E+00,+2.919598E+00,+2.839196E+00
+1.616500E+00,+2.919598E+00,+2.801508E+00
+1.619000E+00,+2.919598E+00,+2.919598E+00
+1.621500E+00,+2.881910E+00,+2.761307E+00
+1.624000E+00,+2.919598E+00,+2.919598E+00
+1.626500E+00,+2.881910E+00,+2.758794E+00
+1.629000E+00,+2.919598E+00,+2.881910E+00
+1.631500E+00,+2.881910E+00,+2.798995E+00
+1.634000E+00,+2.881910E+00,+2.801508E+00
+1.636500E+00,+2.919598E+00,+2.839196E+00
+1.639000E+00,+2.881910E+00,+2.761307E+00
+1.641500E+00,+2.919598E+00,+2.879397E+00
+1.644000E+00,+2.919598E+00,+2.721106E+00
+1.646500E+00,+2.881910E+00,+2.881910E+00
+1.649000E+00,+2.919598E+00,+2.758794E+00
+1.651500E+00,+2.919598E+00,+2.841709E+00
+1.654000E+00,+2.919598E+00,+2.839196E+00
+1.656500E+00,+2.881910E+00,+2.839196E+00
+1.659000E+00,+2.919598E+00,+2.839196E+00
+1.661500E+00,+2.919598E+00,+2.761307E+00
+1.664000E+00,+2.919598E+00,+2.919598E+00
+1.666500E+00,+2.919598E+00,+2.721106E+00
+1.669000E+00,+2.881910E+00,+2.841709E+00
+1.671500E+00,+2.919598E+00,+2.758794E+00
+1.674000E+00,+2.881910E+00,+2.841709E+00
+1.676500E+00,+2.919598E+00,+2.798995E+00
+1.679000E+00,+2.919598E+00,+2.798995E+00
+1.681500E+00,+2.881910E+00,+2.879397E+00
+1.684000E+00,+2.919598E+00,+2.758794E+00
+1.686500E+00,+2.919598E+00,+2.919598E+00
+1.689000E+00,+2.919598E+00,+2.718593E+00
+1.691500E+00,+2.919598E+00,+2.879397E+00
+1.694000E+00,+2.919598E+00,+2.758794E+00
+1.696500E+00,+2.919598E+00,+2.839196E+00
+1.699000E+00,+2.919598E+00,+2.839196E+00
+1.701500E+00,+2.919598E+00,+2.801508E+00
+1.704000E+00,+2.919598E+00,+2.879397E+00
+1.706500E+00,+2.919598E+00,+2.721106E+00
+1.709000E+00,+2.919598E+00,+2.881910E+00
+1.711500E+00,+2.919598E+00,+2.758794E+00
+1.714000E+00,+2.919598E+00,+2.841709E+00
+1.716500E+00,+2.879397E+00,+2.839196E+00
+1.719000E+00,+2.881910E+00,+2.839196E+00
+1.721500E+00,+2.881910E+00,+2.879397E+00
+1.724000E+00,+2.879397E+00,+2.798995E+00
+1.726500E+00,+2.919598E+00,+2.919598E+00
+1.729000E+00,+2.881910E+00,+2.721106E+00
+1.731500E+00,+2.881910E+00,+2.881910E+00
+1.734000E+00,+2.919598E+00,+2.758794E+00
+1.736500E+00,+2.919598E+00,+2.841709E+00
+1.739000E+00,+2.881910E+00,+2.758794E+00
+1.741500E+00,+2.881910E+00,+2.801508E+00
+1.744000E+00,+2.919598E+00,+2.919598E+00
+1.746500E+00,+2.919598E+00,+2.761307E+00
+1.749000E+00,+2.879397E+00,+2.919598E+00
+1.751500E+00,+2.919598E+00,+2.721106E+00
+1.754000E+00,+2.919598E+00,+2.881910E+00
+1.756500E+00,+2.919598E+00,+2.758794E+00
+1.759000E+00,+2.919598E+00,+2.841709E+00
+1.761500E+00,+2.919598E+00,+2.839196E+00
+1.764000E+00,+2.879397E+00,+2.798995E+00
+1.766500E+00,+2.881910E+00,+2.919598E+00
+1.769000E+00,+2.919598E+00,+2.758794E+00
+1.771500E+00,+2.919598E+00,+2.919598E+00
+1.774000E+00,+2.881910E+00,+2.680905E+00
+1.776500E+00,+2.919598E+00,+2.881910E+00
+1.779000E+00,+2.881910E+00,+2.798995E+00
+1.781500E+00,+2.919598E+00,+2.879397E+00
+1.784000E+00,+2.919598E+00,+2.839196E+00
+1.786500E+00,+2.881910E+00,+2.761307E+00
+1.789000E+00,+2.881910E+00,+2.919598E+00
+1.791500E+00,+2.881910E+00,+2.721106E+00
+1.794000E+00,+2.881910E+00,+2.881910E+00
+1.796500E+00,+2.881910E+00,+2.758794E+00
+1.799000E+00,+2.881910E+00,+2.841709E+00
+1.801500E+00,+2.919598E+00,+2.798995E+00
+1.804000E+00,+2.919598E+00,+2.801508E+00
+1.806500E+00,+2.919598E+00,+2.839196E+00
+1.809000E+00,+2.919598E+00,+2.761307E+00
+1.811500E+00,+2.881910E+00,+2.919598E+00
+1.814000E+00,+2.919598E+00,+2.758794E+00
+1.816500E+00,+2.919598E+00,+2.881910E+00
+1.819000E+00,+2.879397E+00,+2.758794E+00
+1.821500E+00,+2.919598E+00,+2.841709E+00
+1.824000E+00,+2.881910E+00,+2.798995E+00
+1.826500E+00,+2.919598E+00,+2.839196E+00
+1.829000E+00,+2.919598E+00,+2.919598E+00
+1.831500E+00,+2.919598E+00,+2.761307E+00
+1.834000E+00,+2.879397E+00,+2.919598E+00
+1.836500E+00,+2.879397E+00,+2.721106E+00
+1.839000E+00,+2.919598E+00,+2.881910E+00
+1.841500E+00,+2.919598E+00,+2.758794E+00
+1.844000E+00,+2.879397E+00,+2.801508E+00
+1.846500E+00,+2.919598E+00,+2.839196E+00
+1.849000E+00,+2.919598E+00,+2.761307E+00
+1.851500E+00,+2.919598E+00,+2.959799E+00
+1.854000E+00,+2.919598E+00,+2.758794E+00
+1.856500E+00,+2.919598E+00,+2.879397E+00
+1.859000E+00,+2.919598E+00,+2.718593E+00
+1.861500E+00,+2.919598E+00,+2.879397E+00
+1.864000E+00,+2.919598E+00,+2.758794E+00
+1.866500E+00,+2.881910E+00,+2.841709E+00
+1.869000E+00,+2.881910E+00,+2.839196E+00
+1.871500E+00,+2.881910E+00,+2.798995E+00
+1.874000E+00,+2.919598E+00,+2.919598E+00
+1.876500E+00,+2.919598E+00,+2.721106E+00
+1.879000E+00,+2.879397E+00,+2.881910E+00
+1.881500E+00,+2.879397E+00,+2.721106E+00
+1.884000E+00,+2.881910E+00,+2.841709E+00
+1.886500E+00,+2.919598E+00,+2.761307E+00
+1.889000E+00,+2.881910E+00,+2.801508E+00
+1.891500E+00,+2.919598E+00,+2.919598E+00
+1.894000E+00,+2.919598E+00,+2.761307E+00
+1.896500E+00,+2.919598E+00,+2.919598E+00
+1.899000E+00,+2.919598E+00,+2.718593E+00
+1.901500E+00,+2.919598E+00,+2.881910E+00
+1.904000E+00,+2.879397E+00,+2.798995E+00
+1.906500E+00,+2.881910E+00,+2.841709E+00
+1.909000E+00,+2.881910E+00,+2.798995E+00
+1.911500E+00,+2.919598E+00,+2.801508E+00
+1.914000E+00,+2.919598E+00,+2.919598E+00
+1.916500E+00,+2.919598E+00,+2.761307E+00
+1.919000E+00,+2.919598E+00,+2.919598E+00
+1.921500E+00,+2.881910E+00,+2.718593E+00
+1.924000E+00,+2.879397E+00,+2.879397E+00
+1.926500E+00,+2.919598E+00,+2.758794E+00
+1.929000E+00,+2.919598E+00,+2.841709E+00
+1.931500E+00,+2.881910E+00,+2.798995E+00
+1.934000E+00,+2.881910E+00,+2.798995E+00
+1.936500E+00,+2.919598E+00,+2.879397E+00
+1.939000E+00,+2.881910E+00,+2.721106E+00
+1.941500E+00,+2.919598E+00,+2.919598E+00
+1.944000E+00,+2.919598E+00,+2.718593E+00
+1.946500E+00,+2.881910E+00,+2.881910E+00
+1.949000E+00,+2.919598E+00,+2.839196E+00
+1.951500E+00,+2.919598E+00,+2.801508E+00
+1.954000E+00,+1.917085E+00,+2.839196E+00
+1.956500E+00,+1.914573E+00,+2.798995E+00
+1.959000E+00,+1.914573E+00,+2.919598E+00
+1.961500E+00,+1.914573E+00,+2.721106E+00
+1.964000E+00,+1.914573E+00,+2.798995E+00
+1.966500E+00,+1.914573E+00,+2.517588E+00
+1.969000E+00,+1.914573E+00,+2.477387E+00
+1.971500E+00,+1.914573E+00,+2.155779E+00
+1.974000E+00,+1.914573E+00,+2.075377E+00
+1.976500E+00,+1.914573E+00,+1.834171E+00
+1.979000E+00,+1.914573E+00,+1.716080E+00
+1.981500E+00,+1.914573E+00,+1.633166E+00
+1.984000E+00,+1.914573E+00,+1.515075E+00
+1.986500E+00,+1.914573E+00,+1.592965E+00
+1.989000E+00,+1.914573E+00,+1.472362E+00
+1.991500E+00,+1.914573E+00,+1.673367E+00
+1.994000E+00,+1.914573E+00,+1.592965E+00
+1.996500E+00,+1.914573E+00,+1.756281E+00
+1.999000E+00,+1.914573E+00,+1.914573E+00
+2.001500E+00,+1.914573E+00,+1.914573E+00
+2.004000E+00,+1.914573E+00,+2.075377E+00
+2.006500E+00,+1.914573E+00,+1.917085E+00
+2.009000E+00,+1.914573E+00,+2.075377E+00
+2.011500E+00,+1.914573E+00,+1.914573E+00
+2.014000E+00,+1.954774E+00,+1.917085E+00
+2.016500E+00,+1.954774E+00,+1.834171E+00
+2.019000E+00,+1.914573E+00,+1.796482E+00
+2.021500E+00,+1.914573E+00,+1.834171E+00
+2.024000E+00,+1.914573E+00,+1.716080E+00
+2.026500E+00,+1.914573E+00,+1.914573E+00
+2.029000E+00,+1.914573E+00,+1.793970E+00
+2.031500E+00,+1.914573E+00,+2.035176E+00
+2.034000E+00,+1.914573E+00,+1.914573E+00
+2.036500E+00,+1.914573E+00,+2.077889E+00
+2.039000E+00,+1.917085E+00,+1.994975E+00
+2.041500E+00,+1.914573E+00,+1.994975E+00
+2.044000E+00,+1.914573E+00,+1.954774E+00
+2.046500E+00,+1.914573E+00,+1.796482E+00
+2.049000E+00,+1.914573E+00,+1.914573E+00
+2.051500E+00,+1.914573E+00,+1.753769E+00
+2.054000E+00,+1.914573E+00,+1.914573E+00
+2.056500E+00,+1.914573E+00,+1.793970E+00
+2.059000E+00,+1.914573E+00,+1.917085E+00
+2.061500E+00,+1.914573E+00,+1.874372E+00
